,score,sentiment
2017-08-23 19:25:41,256,0.8402
2017-08-23 20:07:05,66,0.0
2017-08-23 20:07:27,56,-0.5093
2017-08-23 20:17:20,57,-0.1536
2017-08-23 20:07:30,50,0.25
2017-08-23 19:58:36,41,0.0
2017-08-23 20:13:42,71,0.4019
2017-08-23 19:02:29,61,0.875
2017-08-23 20:06:36,58,0.6369
2017-08-23 20:07:00,52,0.807
2017-08-23 20:25:25,26,0.4404
2017-08-23 21:30:53,25,-0.3612
2017-08-23 19:58:10,24,0.4201
2017-08-23 20:08:29,23,0.34
2017-08-23 20:31:51,24,0.8258
2017-08-23 18:58:58,20,0.0
2017-08-23 21:08:32,20,-0.0516
2017-08-23 20:06:41,19,0.0
2017-08-23 21:15:56,19,0.5743
2017-08-23 20:06:52,18,-0.1027
2017-08-23 20:22:06,18,-0.6597
2017-08-23 19:55:43,16,0.0
2017-08-23 20:08:40,16,-0.5859
2017-08-23 20:11:16,17,-0.0772
2017-08-23 20:30:37,16,0.0
2017-08-23 20:30:54,16,0.0
2017-08-23 21:05:32,17,-0.5423
2017-08-23 21:15:24,17,0.0352
2017-08-23 19:59:03,16,-0.1531
2017-08-23 20:15:01,16,-0.128
2017-08-23 20:24:24,15,0.6124
2017-08-23 21:05:12,15,-0.5106
2017-08-23 21:07:09,15,0.5859
2017-08-23 21:30:28,15,-0.3612
2017-08-23 20:22:06,14,0.0
2017-08-23 20:28:18,15,0.25
2017-08-23 20:45:32,14,0.6319
2017-08-23 21:07:48,14,0.3182
2017-08-23 18:59:39,28,0.4939
2017-08-23 21:08:13,13,0.0
2017-08-23 21:08:36,13,0.4404
2017-08-23 21:29:28,13,0.0
2017-08-23 20:17:30,40,-0.099
2017-08-23 20:09:15,13,0.0
2017-08-23 20:09:20,11,0.2023
2017-08-23 20:24:23,12,-0.8126
2017-08-23 20:45:37,12,0.0
2017-08-23 20:57:43,12,-0.2023
2017-08-23 18:58:58,26,0.0
2017-08-23 20:30:21,27,0.0
2017-08-23 21:16:21,22,-0.2018
2017-08-23 20:56:21,11,0.7269
2017-08-23 20:56:24,11,0.25
2017-08-23 20:57:24,11,-0.7351
2017-08-23 20:59:28,11,0.0
2017-08-23 21:34:07,11,0.0
2017-08-23 19:13:35,10,0.4389
2017-08-23 20:09:15,11,0.5023
2017-08-23 20:14:10,10,0.4019
2017-08-23 20:31:12,11,-0.2484
2017-08-23 20:32:21,11,0.0
2017-08-23 20:36:59,10,-0.876
2017-08-23 20:41:04,10,0.0
2017-08-23 20:52:44,10,-0.6641
2017-08-23 20:55:05,10,-0.1289
2017-08-23 21:04:58,10,0.8091
2017-08-23 21:09:24,10,0.0
2017-08-23 21:09:29,10,0.6908
2017-08-23 21:13:46,10,0.4939
2017-08-23 21:30:51,10,-0.5632
2017-08-23 20:30:47,18,0.7814
2017-08-23 20:13:48,18,0.0
2017-08-23 20:37:57,18,0.0
2017-08-23 19:28:37,9,0.0
2017-08-23 20:09:49,10,0.0
2017-08-23 20:10:14,9,0.0
2017-08-23 20:19:43,8,0.3182
2017-08-23 20:36:21,9,0.25
2017-08-23 20:38:16,9,-0.3597
2017-08-23 20:38:52,9,0.4404
2017-08-23 20:43:55,9,0.1779
2017-08-23 20:56:43,9,0.7096
2017-08-23 21:10:09,9,0.5945
2017-08-23 21:10:49,9,0.0
2017-08-23 21:11:19,9,0.4404
2017-08-23 21:20:22,9,0.0
2017-08-23 21:26:29,8,0.5859
2017-08-23 21:30:01,9,0.0
2017-08-23 21:34:53,9,0.7579
2017-08-23 19:19:25,15,0.4408
2017-08-23 19:56:34,8,0.8402
2017-08-23 19:58:36,9,0.4404
2017-08-23 20:00:19,8,0.8918
2017-08-23 20:05:33,9,-0.3818
2017-08-23 20:08:46,9,0.34
2017-08-23 20:08:55,8,-0.2023
2017-08-23 20:09:00,8,0.128
2017-08-23 20:09:52,8,0.6239
2017-08-23 20:14:05,8,-0.8016
2017-08-23 20:14:42,8,0.6884
2017-08-23 20:15:36,9,0.4019
2017-08-23 20:17:02,7,0.1774
2017-08-23 20:22:39,8,-0.5423
2017-08-23 20:24:54,7,0.8295
2017-08-23 20:30:03,7,0.6369
2017-08-23 20:30:05,8,0.5574
2017-08-23 20:30:06,8,0.0
2017-08-23 20:34:19,8,-0.6808
2017-08-23 20:36:07,8,0.8172
2017-08-23 20:37:54,8,0.0
2017-08-23 20:38:11,8,0.128
2017-08-23 20:42:13,8,0.4019
2017-08-23 21:05:10,8,0.0
2017-08-23 21:05:11,9,-0.25
2017-08-23 21:05:41,8,0.0
2017-08-23 21:06:13,8,0.0
2017-08-23 21:07:02,8,0.4588
2017-08-23 21:07:36,8,0.0
2017-08-23 21:10:44,8,0.5848
2017-08-23 21:13:23,8,-0.7044
2017-08-23 21:16:31,8,0.0
2017-08-23 21:18:16,7,0.8591
2017-08-23 21:27:05,8,0.0
2017-08-23 21:08:57,14,0.2716
2017-08-23 19:11:59,6,0.3612
2017-08-23 19:55:45,6,0.5379
2017-08-23 19:56:47,6,-0.1759
2017-08-23 20:03:36,6,0.5046
2017-08-23 20:03:40,7,0.2732
2017-08-23 20:05:33,7,0.0
2017-08-23 20:05:34,8,0.0
2017-08-23 20:06:36,7,0.0
2017-08-23 20:06:40,8,-0.6876
2017-08-23 20:09:11,7,0.2023
2017-08-23 20:10:41,7,0.6124
2017-08-23 20:12:38,6,-0.34
2017-08-23 20:12:52,8,0.0
2017-08-23 20:13:56,7,0.4019
2017-08-23 20:22:19,7,0.5106
2017-08-23 20:22:39,7,0.4404
2017-08-23 20:24:06,8,0.128
2017-08-23 20:29:02,8,0.3818
2017-08-23 20:31:41,6,0.2732
2017-08-23 20:37:21,7,0.4404
2017-08-23 20:37:47,7,-0.128
2017-08-23 20:40:11,7,0.749
2017-08-23 20:45:35,7,-0.1027
2017-08-23 20:55:16,7,0.3885
2017-08-23 20:56:13,7,0.6138
2017-08-23 20:57:56,7,-0.25
2017-08-23 20:58:05,7,-0.024
2017-08-23 21:04:45,7,0.0
2017-08-23 21:05:04,7,0.8122
2017-08-23 21:05:09,8,0.5473
2017-08-23 21:05:12,7,0.0
2017-08-23 21:05:18,7,-0.34
2017-08-23 21:05:19,7,-0.5106
2017-08-23 21:05:20,7,0.5473
2017-08-23 21:05:40,7,0.8582
2017-08-23 21:07:29,7,-0.0516
2017-08-23 21:07:33,7,-0.6072
2017-08-23 21:08:12,7,-0.3612
2017-08-23 21:09:45,7,-0.5423
2017-08-23 21:11:31,7,0.8402
2017-08-23 21:12:12,7,0.0
2017-08-23 21:18:54,6,0.5927
2017-08-23 21:19:28,7,0.2023
2017-08-23 21:24:38,7,-0.802
2017-08-23 21:32:23,7,-0.0258
2017-08-23 21:35:17,7,-0.6124
2017-08-23 20:30:00,13,0.0
2017-08-23 20:20:53,11,0.0
2017-08-23 21:22:58,12,0.1531
2017-08-23 19:31:30,5,0.4826
2017-08-23 19:55:11,7,0.0
2017-08-23 20:00:03,7,0.0772
2017-08-23 20:04:15,6,0.4559
2017-08-23 20:04:17,7,0.4927
2017-08-23 20:04:37,6,-0.5423
2017-08-23 20:09:23,6,-0.4532
2017-08-23 20:09:38,5,0.7096
2017-08-23 20:09:59,6,0.6997
2017-08-23 20:10:06,5,0.0
2017-08-23 20:13:33,7,-0.5848
2017-08-23 20:15:02,6,0.3182
2017-08-23 20:15:02,6,-0.7089
2017-08-23 20:15:53,6,0.4574
2017-08-23 20:17:58,7,-0.5256
2017-08-23 20:20:35,6,0.5106
2017-08-23 20:21:57,6,0.0
2017-08-23 20:22:39,5,0.6369
2017-08-23 20:22:47,5,0.5574
2017-08-23 20:23:04,7,0.6697
2017-08-23 20:23:58,6,0.8519
2017-08-23 20:24:39,5,0.6697
2017-08-23 20:25:00,6,0.5228
2017-08-23 20:29:09,6,0.4404
2017-08-23 20:29:27,6,-0.6696
2017-08-23 20:31:10,6,0.0
2017-08-23 20:33:44,6,0.0
2017-08-23 20:34:18,6,0.7513
2017-08-23 20:46:09,6,0.128
2017-08-23 20:46:12,6,0.0
2017-08-23 20:48:22,6,0.0
2017-08-23 20:52:38,6,0.0
2017-08-23 20:53:08,6,0.0
2017-08-23 20:54:17,6,0.4404
2017-08-23 20:54:50,6,-0.25
2017-08-23 20:59:43,6,0.0
2017-08-23 21:02:46,6,-0.1531
2017-08-23 21:05:13,6,0.0
2017-08-23 21:05:30,6,-0.5106
2017-08-23 21:05:35,6,0.3182
2017-08-23 21:05:37,6,0.1511
2017-08-23 21:06:46,6,0.0
2017-08-23 21:07:39,6,0.0
2017-08-23 21:09:33,6,0.34
2017-08-23 21:10:59,6,0.765
2017-08-23 21:12:20,6,0.0
2017-08-23 21:12:57,6,-0.7269
2017-08-23 21:14:23,6,0.6697
2017-08-23 21:24:51,6,-0.3612
2017-08-23 21:28:10,6,-0.1761
2017-08-23 21:28:57,6,0.0
2017-08-23 21:32:57,6,-0.4927
2017-08-23 21:34:43,6,0.4404
2017-08-23 21:35:54,6,0.6908
2017-08-23 21:36:01,6,0.0
2017-08-23 20:11:09,17,0.9589
2017-08-23 19:00:06,11,0.4791
2017-08-23 19:00:07,12,0.128
2017-08-23 21:22:36,11,-0.0274
2017-08-23 21:32:10,14,0.25
2017-08-23 20:24:54,10,-0.2784
2017-08-23 20:32:38,10,-0.5574
2017-08-23 19:34:12,5,0.3182
2017-08-23 19:40:50,5,0.7096
2017-08-23 19:42:34,5,-0.6876
2017-08-23 19:42:58,5,0.5267
2017-08-23 19:47:23,6,0.7955
2017-08-23 19:49:49,4,-0.3382
2017-08-23 19:53:32,5,0.8126
2017-08-23 19:55:14,5,0.5538
2017-08-23 19:55:38,5,0.0
2017-08-23 19:57:37,5,0.3612
2017-08-23 19:58:22,5,-0.1531
2017-08-23 19:59:19,6,0.8268
2017-08-23 19:59:41,5,0.0
2017-08-23 20:00:03,5,0.0
2017-08-23 20:00:38,5,0.6249
2017-08-23 20:01:01,5,0.0
2017-08-23 20:03:11,6,-0.7735
2017-08-23 20:03:48,5,-0.4824
2017-08-23 20:04:11,5,0.1779
2017-08-23 20:06:30,6,0.5859
2017-08-23 20:06:38,5,0.0
2017-08-23 20:06:43,5,-0.5848
2017-08-23 20:07:28,5,0.0
2017-08-23 20:08:02,4,0.4574
2017-08-23 20:08:25,5,-0.5574
2017-08-23 20:08:28,4,0.3818
2017-08-23 20:08:31,5,0.0
2017-08-23 20:08:42,5,-0.5423
2017-08-23 20:08:55,4,0.0
2017-08-23 20:09:07,5,0.0
2017-08-23 20:09:10,6,0.0
2017-08-23 20:09:36,6,0.0
2017-08-23 20:09:39,6,0.6369
2017-08-23 20:11:32,5,0.0
2017-08-23 20:13:41,6,0.0
2017-08-23 20:14:21,6,0.0
2017-08-23 20:14:51,4,0.882
2017-08-23 20:14:52,4,0.296
2017-08-23 20:15:02,4,0.6887
2017-08-23 20:16:30,5,0.4748
2017-08-23 20:17:10,5,0.4576
2017-08-23 20:17:48,6,0.2878
2017-08-23 20:21:23,5,-0.6696
2017-08-23 20:21:57,5,0.0
2017-08-23 20:22:03,4,0.0
2017-08-23 20:22:04,5,0.8126
2017-08-23 20:22:04,5,0.0
2017-08-23 20:22:11,6,-0.4404
2017-08-23 20:22:41,6,0.6478
2017-08-23 20:22:42,5,0.0
2017-08-23 20:23:26,5,-0.5413
2017-08-23 20:23:30,5,0.7906
2017-08-23 20:23:37,5,0.5574
2017-08-23 20:23:39,5,0.3664
2017-08-23 20:24:13,5,0.0
2017-08-23 20:24:33,5,0.4404
2017-08-23 20:25:45,6,-0.6361
2017-08-23 20:26:03,5,-0.34
2017-08-23 20:28:51,4,-0.6613
2017-08-23 20:32:36,5,0.4767
2017-08-23 20:33:15,5,0.6858
2017-08-23 20:33:34,5,-0.7506
2017-08-23 20:37:17,5,0.0
2017-08-23 20:40:31,5,0.0
2017-08-23 20:41:11,5,0.34
2017-08-23 20:41:55,5,0.0
2017-08-23 20:43:44,5,0.8201
2017-08-23 20:45:16,5,-0.2732
2017-08-23 20:50:18,5,0.6369
2017-08-23 20:50:53,5,0.6369
2017-08-23 20:52:33,5,-0.128
2017-08-23 20:54:58,5,0.6659
2017-08-23 20:56:58,5,0.0
2017-08-23 20:57:01,5,0.4939
2017-08-23 20:57:03,5,0.0
2017-08-23 20:58:17,5,0.8979
2017-08-23 20:58:27,5,-0.1027
2017-08-23 20:59:14,5,0.3612
2017-08-23 21:00:21,5,0.3612
2017-08-23 21:00:56,5,-0.7284
2017-08-23 21:01:37,5,0.0
2017-08-23 21:05:00,5,-0.25
2017-08-23 21:05:20,5,0.3182
2017-08-23 21:05:26,5,0.5473
2017-08-23 21:05:33,5,0.0
2017-08-23 21:05:48,5,0.7591
2017-08-23 21:05:58,5,0.0
2017-08-23 21:07:06,5,0.0516
2017-08-23 21:07:10,5,0.4215
2017-08-23 21:07:19,5,-0.5423
2017-08-23 21:07:53,5,0.0
2017-08-23 21:08:19,5,0.0
2017-08-23 21:08:49,5,0.0
2017-08-23 21:10:18,5,0.0
2017-08-23 21:10:59,5,0.0
2017-08-23 21:11:56,5,0.0
2017-08-23 21:12:23,5,0.3343
2017-08-23 21:12:41,5,0.0772
2017-08-23 21:12:53,5,0.4754
2017-08-23 21:13:06,5,0.0
2017-08-23 21:14:23,5,0.0772
2017-08-23 21:18:36,5,0.4588
2017-08-23 21:24:30,4,0.0772
2017-08-23 21:24:51,5,-0.7027
2017-08-23 21:25:51,5,-0.3612
2017-08-23 21:26:49,5,0.2598
2017-08-23 21:30:11,5,0.0
2017-08-23 21:34:26,5,-0.2006
2017-08-23 21:36:06,5,0.0
2017-08-23 19:27:29,9,0.3818
2017-08-23 20:32:12,10,0.7003
2017-08-23 21:05:55,9,0.4215
2017-08-23 21:22:21,9,-0.4391
2017-08-23 20:40:45,11,0.0
2017-08-23 20:08:41,8,0.2732
2017-08-23 20:38:04,8,-0.765
2017-08-23 19:00:16,5,-0.6808
2017-08-23 19:05:30,4,-0.0125
2017-08-23 19:42:32,5,-0.1695
2017-08-23 19:42:37,5,0.0
2017-08-23 19:42:53,4,-0.4404
2017-08-23 19:43:25,4,0.5994
2017-08-23 19:43:55,5,0.7177
2017-08-23 19:44:12,3,-0.5106
2017-08-23 19:46:30,4,0.0
2017-08-23 19:47:44,4,0.4404
2017-08-23 19:48:35,5,0.0
2017-08-23 19:49:14,4,0.765
2017-08-23 19:49:51,4,-0.5423
2017-08-23 19:52:06,5,0.0
2017-08-23 19:53:11,4,0.0
2017-08-23 19:55:32,4,0.0
2017-08-23 19:55:46,5,0.0
2017-08-23 19:55:49,4,-0.6876
2017-08-23 19:55:58,4,0.0
2017-08-23 19:56:18,3,0.0
2017-08-23 19:56:20,4,0.0
2017-08-23 19:56:26,5,0.5994
2017-08-23 19:56:26,4,0.0
2017-08-23 19:56:38,4,-0.4767
2017-08-23 19:56:47,4,-0.3818
2017-08-23 19:57:23,4,0.9135
2017-08-23 19:58:19,4,0.0
2017-08-23 19:58:35,3,0.6688
2017-08-23 20:01:28,4,-0.6705
2017-08-23 20:01:52,3,0.0
2017-08-23 20:03:26,3,0.0
2017-08-23 20:04:00,3,0.6249
2017-08-23 20:04:00,3,0.2732
2017-08-23 20:04:27,4,0.0
2017-08-23 20:04:35,5,-0.5423
2017-08-23 20:04:38,4,0.0
2017-08-23 20:04:45,5,0.0
2017-08-23 20:04:51,5,0.3612
2017-08-23 20:05:32,4,0.0
2017-08-23 20:05:37,4,0.0
2017-08-23 20:05:39,4,0.0
2017-08-23 20:05:40,5,-0.4003
2017-08-23 20:05:42,4,0.0
2017-08-23 20:05:48,4,0.4995
2017-08-23 20:05:58,3,0.5709
2017-08-23 20:06:04,5,0.2263
2017-08-23 20:06:30,4,0.2732
2017-08-23 20:06:33,4,-0.296
2017-08-23 20:06:34,3,0.0
2017-08-23 20:06:44,3,0.0
2017-08-23 20:06:44,4,0.0
2017-08-23 20:06:50,4,0.4927
2017-08-23 20:06:53,4,0.0
2017-08-23 20:06:57,3,0.0
2017-08-23 20:06:59,5,0.68
2017-08-23 20:07:15,4,0.0
2017-08-23 20:07:16,5,-0.1531
2017-08-23 20:07:20,4,0.0
2017-08-23 20:07:28,5,0.0
2017-08-23 20:07:56,3,0.5228
2017-08-23 20:08:13,4,-0.8617
2017-08-23 20:08:13,5,0.7351
2017-08-23 20:08:22,4,0.8555
2017-08-23 20:08:28,3,-0.5574
2017-08-23 20:08:33,4,0.0
2017-08-23 20:08:42,4,0.4215
2017-08-23 20:08:57,4,0.128
2017-08-23 20:09:53,3,0.0
2017-08-23 20:10:14,4,-0.4023
2017-08-23 20:10:37,5,-0.5574
2017-08-23 20:10:49,5,-0.296
2017-08-23 20:11:04,4,0.0
2017-08-23 20:11:14,4,0.1154
2017-08-23 20:11:29,3,-0.0872
2017-08-23 20:12:01,4,0.3804
2017-08-23 20:12:56,5,0.0
2017-08-23 20:13:19,3,0.8
2017-08-23 20:13:28,4,0.0
2017-08-23 20:13:38,4,-0.1513
2017-08-23 20:13:50,4,-0.128
2017-08-23 20:13:50,4,0.0
2017-08-23 20:13:52,4,-0.1557
2017-08-23 20:13:53,4,0.0
2017-08-23 20:14:07,4,-0.3612
2017-08-23 20:14:27,4,0.3089
2017-08-23 20:14:29,4,-0.2732
2017-08-23 20:15:09,3,0.2732
2017-08-23 20:15:15,5,0.0
2017-08-23 20:15:29,3,0.0
2017-08-23 20:15:49,4,0.0
2017-08-23 20:16:25,3,-0.3612
2017-08-23 20:17:50,3,0.6369
2017-08-23 20:22:21,3,0.0
2017-08-23 20:22:36,4,0.0
2017-08-23 20:22:56,5,0.0
2017-08-23 20:23:12,4,0.6369
2017-08-23 20:23:23,5,0.6697
2017-08-23 20:23:24,4,0.0
2017-08-23 20:23:30,4,0.6369
2017-08-23 20:23:51,4,0.4549
2017-08-23 20:24:20,4,-0.4199
2017-08-23 20:24:52,4,0.7783
2017-08-23 20:24:59,3,-0.079
2017-08-23 20:25:34,4,-0.5574
2017-08-23 20:26:08,4,0.0
2017-08-23 20:27:46,4,0.0
2017-08-23 20:27:58,4,0.5574
2017-08-23 20:28:46,4,0.1511
2017-08-23 20:28:50,4,0.3182
2017-08-23 20:28:51,5,-0.1027
2017-08-23 20:30:31,3,-0.2247
2017-08-23 20:35:14,4,-0.6705
2017-08-23 20:35:29,4,0.792
2017-08-23 20:35:46,4,0.0
2017-08-23 20:36:36,4,0.0
2017-08-23 20:36:43,4,0.7916
2017-08-23 20:41:02,4,0.935
2017-08-23 20:44:36,4,0.0
2017-08-23 20:47:39,4,0.296
2017-08-23 20:47:59,4,0.0
2017-08-23 20:48:28,4,0.1531
2017-08-23 20:48:54,4,0.6705
2017-08-23 20:49:42,4,0.0
2017-08-23 20:50:17,4,0.6344
2017-08-23 20:50:52,4,0.6808
2017-08-23 20:50:57,4,0.0
2017-08-23 20:51:47,4,0.3182
2017-08-23 20:51:48,4,0.0
2017-08-23 20:54:28,3,0.6369
2017-08-23 20:54:30,4,0.0772
2017-08-23 20:56:10,4,0.2732
2017-08-23 20:59:07,4,0.8316
2017-08-23 21:00:47,4,-0.5379
2017-08-23 21:01:10,4,0.0
2017-08-23 21:01:30,4,0.6369
2017-08-23 21:02:53,4,0.7269
2017-08-23 21:03:16,4,-0.5574
2017-08-23 21:03:36,4,0.0
2017-08-23 21:04:38,4,0.0
2017-08-23 21:04:41,4,0.5951
2017-08-23 21:04:46,4,0.4215
2017-08-23 21:04:57,4,-0.1531
2017-08-23 21:04:58,4,0.0772
2017-08-23 21:05:06,4,0.0
2017-08-23 21:05:11,4,0.5994
2017-08-23 21:05:12,4,0.4019
2017-08-23 21:05:32,4,0.5267
2017-08-23 21:05:36,4,0.0
2017-08-23 21:05:38,4,-0.891
2017-08-23 21:05:39,4,0.0
2017-08-23 21:05:40,4,0.0
2017-08-23 21:05:50,4,0.0
2017-08-23 21:05:53,4,0.0
2017-08-23 21:06:09,4,0.0
2017-08-23 21:06:20,4,0.0
2017-08-23 21:07:02,4,0.0
2017-08-23 21:07:13,4,0.4404
2017-08-23 21:07:32,4,0.6195
2017-08-23 21:07:33,3,0.0
2017-08-23 21:07:41,4,0.0
2017-08-23 21:08:03,4,0.0
2017-08-23 21:08:17,4,0.6249
2017-08-23 21:09:34,4,0.0
2017-08-23 21:11:31,4,0.0
2017-08-23 21:11:31,4,-0.34
2017-08-23 21:11:37,4,-0.3182
2017-08-23 21:17:37,4,0.4404
2017-08-23 21:21:37,4,0.0
2017-08-23 21:22:20,3,-0.3182
2017-08-23 21:24:52,4,0.0
2017-08-23 21:25:14,4,-0.6789
2017-08-23 21:27:07,4,0.5267
2017-08-23 21:27:53,4,-0.0015
2017-08-23 21:29:28,4,0.0
2017-08-23 21:29:49,4,-0.1531
2017-08-23 21:30:28,4,0.5859
2017-08-23 21:30:44,4,0.0
2017-08-23 21:32:13,4,-0.0516
2017-08-23 21:32:36,4,-0.4588
2017-08-23 21:35:01,4,0.6808
2017-08-23 21:36:00,4,0.0
2017-08-23 20:08:33,7,-0.5423
2017-08-23 20:13:35,7,-0.8856
2017-08-23 20:13:54,8,0.0
2017-08-23 20:13:54,6,-0.6696
2017-08-23 20:16:36,6,-0.9085
2017-08-23 20:27:08,7,0.0
2017-08-23 21:16:57,7,-0.3802
2017-08-23 21:22:05,7,-0.1759
2017-08-23 21:25:46,7,0.1264
2017-08-23 20:35:49,10,-0.7845
2017-08-23 21:22:40,10,-0.6808
2017-08-23 20:09:26,5,-0.4019
2017-08-23 20:13:42,5,0.0
2017-08-23 20:13:48,6,-0.4019
2017-08-23 20:13:49,7,0.0
2017-08-23 20:14:01,5,0.0
2017-08-23 20:27:43,6,-0.34
2017-08-23 21:02:55,6,0.0
2017-08-23 21:09:27,6,0.6486
2017-08-23 21:17:22,6,0.0772
2017-08-23 21:18:03,6,0.3182
2017-08-23 21:22:39,6,0.0
2017-08-23 21:08:56,8,0.6115
2017-08-23 18:59:25,3,0.4738
2017-08-23 19:12:40,3,-0.1779
2017-08-23 19:30:24,3,0.2263
2017-08-23 19:39:52,3,-0.5994
2017-08-23 19:40:22,3,0.4215
2017-08-23 19:42:10,3,0.6369
2017-08-23 19:43:25,3,-0.2732
2017-08-23 19:43:37,3,0.5859
2017-08-23 19:44:43,3,0.34
2017-08-23 19:45:24,3,0.0
2017-08-23 19:46:07,3,0.128
2017-08-23 19:46:20,3,0.6389
2017-08-23 19:47:38,3,0.0
2017-08-23 19:47:40,3,0.4404
2017-08-23 19:48:21,3,-0.4588
2017-08-23 19:48:35,3,0.0
2017-08-23 19:48:56,3,-0.78
2017-08-23 19:49:04,3,0.0
2017-08-23 19:49:16,3,0.0
2017-08-23 19:49:28,3,0.0
2017-08-23 19:49:30,3,0.6124
2017-08-23 19:49:38,3,0.8126
2017-08-23 19:50:01,3,0.4404
2017-08-23 19:50:41,3,-0.7368
2017-08-23 19:50:51,3,0.3612
2017-08-23 19:51:36,3,0.0
2017-08-23 19:52:41,3,-0.8832
2017-08-23 19:53:26,3,0.0
2017-08-23 19:53:30,3,0.4926
2017-08-23 19:53:44,3,0.4404
2017-08-23 19:54:03,3,0.0
2017-08-23 19:54:52,3,-0.4019
2017-08-23 19:55:24,3,0.0
2017-08-23 19:55:25,3,0.4278
2017-08-23 19:55:26,3,0.0
2017-08-23 19:55:29,3,0.0
2017-08-23 19:55:30,3,0.0
2017-08-23 19:55:32,3,0.0
2017-08-23 19:55:37,3,0.656
2017-08-23 19:55:39,3,0.5994
2017-08-23 19:55:41,3,0.6988
2017-08-23 19:55:43,3,0.5709
2017-08-23 19:55:47,3,0.0
2017-08-23 19:55:51,3,0.6239
2017-08-23 19:55:52,3,-0.5423
2017-08-23 19:55:52,3,-0.1779
2017-08-23 19:55:55,3,0.0
2017-08-23 19:56:13,3,0.0
2017-08-23 19:56:14,3,0.5379
2017-08-23 19:56:18,3,0.5267
2017-08-23 19:56:29,3,0.743
2017-08-23 19:56:42,3,0.5267
2017-08-23 19:56:44,3,-0.4934
2017-08-23 19:56:45,3,0.6369
2017-08-23 19:56:58,3,0.0
2017-08-23 19:57:04,3,0.0
2017-08-23 19:57:47,3,0.5859
2017-08-23 19:57:57,3,0.0
2017-08-23 19:59:34,3,0.0
2017-08-23 19:59:54,3,0.0
2017-08-23 20:00:16,3,0.7003
2017-08-23 20:01:45,2,0.4926
2017-08-23 20:02:08,3,-0.2244
2017-08-23 20:02:08,3,0.0
2017-08-23 20:03:15,3,0.0
2017-08-23 20:03:17,3,0.4404
2017-08-23 20:03:26,3,-0.0258
2017-08-23 20:03:49,3,0.0
2017-08-23 20:03:57,3,-0.3802
2017-08-23 20:03:58,3,0.0
2017-08-23 20:04:01,3,-0.7506
2017-08-23 20:04:02,3,0.0
2017-08-23 20:04:09,3,0.0
2017-08-23 20:04:12,3,0.0
2017-08-23 20:04:15,3,-0.4019
2017-08-23 20:04:25,3,0.0
2017-08-23 20:04:31,3,0.3612
2017-08-23 20:05:15,3,0.5859
2017-08-23 20:05:16,3,0.774
2017-08-23 20:05:28,3,-0.6597
2017-08-23 20:05:30,3,-0.0258
2017-08-23 20:05:31,3,0.0
2017-08-23 20:05:37,3,0.0
2017-08-23 20:05:40,3,0.3612
2017-08-23 20:05:45,3,0.0
2017-08-23 20:05:54,3,0.0
2017-08-23 20:05:55,3,-0.5945
2017-08-23 20:06:03,3,0.3612
2017-08-23 20:06:25,3,0.5994
2017-08-23 20:06:25,3,0.6361
2017-08-23 20:06:31,3,0.7096
2017-08-23 20:06:32,3,-0.3182
2017-08-23 20:06:36,3,-0.3818
2017-08-23 20:06:42,3,-0.5962
2017-08-23 20:06:44,3,-0.6571
2017-08-23 20:06:46,3,0.5267
2017-08-23 20:06:47,3,-0.4588
2017-08-23 20:06:50,3,0.802
2017-08-23 20:06:50,3,0.296
2017-08-23 20:06:51,3,0.0
2017-08-23 20:06:51,3,0.0
2017-08-23 20:06:59,3,0.0
2017-08-23 20:07:01,3,0.0772
2017-08-23 20:07:03,3,-0.6679
2017-08-23 20:07:04,3,0.0
2017-08-23 20:07:07,3,0.6249
2017-08-23 20:07:09,3,0.0
2017-08-23 20:07:13,3,-0.7501
2017-08-23 20:07:17,3,0.1573
2017-08-23 20:07:17,3,0.0
2017-08-23 20:07:17,3,0.8479
2017-08-23 20:07:22,3,0.0
2017-08-23 20:07:28,3,0.0
2017-08-23 20:07:31,3,0.0
2017-08-23 20:07:34,3,0.0
2017-08-23 20:07:40,3,0.0
2017-08-23 20:07:54,3,0.0
2017-08-23 20:07:57,3,0.0
2017-08-23 20:08:00,3,0.811
2017-08-23 20:08:00,3,0.126
2017-08-23 20:08:23,3,0.0
2017-08-23 20:08:28,3,0.0
2017-08-23 20:08:29,3,-0.5423
2017-08-23 20:08:33,3,0.0
2017-08-23 20:08:37,3,0.5719
2017-08-23 20:08:37,3,0.0
2017-08-23 20:08:40,3,0.7506
2017-08-23 20:08:48,3,0.0
2017-08-23 20:09:10,3,0.0
2017-08-23 20:09:15,3,0.0
2017-08-23 20:09:30,3,0.0
2017-08-23 20:09:49,3,0.6239
2017-08-23 20:10:14,3,0.5859
2017-08-23 20:10:21,3,0.5994
2017-08-23 20:10:27,3,0.6808
2017-08-23 20:10:35,3,-0.5934
2017-08-23 20:10:45,3,0.2732
2017-08-23 20:10:53,3,-0.296
2017-08-23 20:10:53,3,0.0
2017-08-23 20:11:05,3,0.3905
2017-08-23 20:11:06,3,0.0772
2017-08-23 20:11:24,3,0.25
2017-08-23 20:11:54,3,0.0
2017-08-23 20:11:56,3,0.0
2017-08-23 20:12:03,3,0.0
2017-08-23 20:12:19,3,0.0
2017-08-23 20:12:27,3,0.34
2017-08-23 20:13:29,3,-0.2263
2017-08-23 20:13:45,3,-0.0772
2017-08-23 20:13:50,3,0.3182
2017-08-23 20:14:01,3,-0.0258
2017-08-23 20:14:03,3,0.0
2017-08-23 20:14:15,3,0.4019
2017-08-23 20:14:27,3,0.4019
2017-08-23 20:14:35,3,0.659
2017-08-23 20:15:08,3,0.6335
2017-08-23 20:15:23,3,-0.4019
2017-08-23 20:15:52,3,-0.6466
2017-08-23 20:16:10,3,0.7269
2017-08-23 20:16:14,3,0.0
2017-08-23 20:16:41,3,0.6249
2017-08-23 20:17:06,3,0.0
2017-08-23 20:18:25,3,-0.3612
2017-08-23 20:18:32,3,0.0
2017-08-23 20:19:03,3,0.4404
2017-08-23 20:19:27,3,-0.2382
2017-08-23 20:19:40,3,0.3612
2017-08-23 20:20:39,3,0.2023
2017-08-23 20:22:15,3,-0.4939
2017-08-23 20:22:28,3,0.0
2017-08-23 20:22:35,3,-0.0516
2017-08-23 20:22:44,3,0.0
2017-08-23 20:22:47,3,0.0
2017-08-23 20:22:52,3,0.0
2017-08-23 20:22:53,3,0.4753
2017-08-23 20:22:57,3,0.0
2017-08-23 20:23:02,3,0.6697
2017-08-23 20:23:04,3,-0.5574
2017-08-23 20:23:06,3,0.7906
2017-08-23 20:23:08,3,0.802
2017-08-23 20:23:23,3,-0.7506
2017-08-23 20:23:26,3,0.0
2017-08-23 20:23:29,3,0.0772
2017-08-23 20:23:36,3,0.0
2017-08-23 20:23:38,3,0.5859
2017-08-23 20:23:50,3,0.0
2017-08-23 20:23:51,3,0.0
2017-08-23 20:23:59,3,-0.2263
2017-08-23 20:24:07,3,0.4404
2017-08-23 20:24:23,3,-0.5574
2017-08-23 20:24:30,3,-0.5574
2017-08-23 20:24:30,3,-0.5983
2017-08-23 20:24:45,3,0.0
2017-08-23 20:25:22,3,0.0
2017-08-23 20:25:45,3,0.0
2017-08-23 20:25:45,3,0.5399
2017-08-23 20:25:54,3,-0.34
2017-08-23 20:26:36,3,0.0
2017-08-23 20:26:44,3,-0.5574
2017-08-23 20:26:47,3,-0.0516
2017-08-23 20:27:09,3,-0.1531
2017-08-23 20:27:22,3,0.0
2017-08-23 20:27:26,3,-0.0516
2017-08-23 20:27:35,3,0.0
2017-08-23 20:27:37,3,0.0
2017-08-23 20:29:54,3,-0.5915
2017-08-23 20:31:29,3,-0.4767
2017-08-23 20:32:11,3,0.0
2017-08-23 20:34:00,3,0.4927
2017-08-23 20:34:37,3,0.0
2017-08-23 20:34:46,3,0.4335
2017-08-23 20:35:43,3,-0.2475
2017-08-23 20:36:40,3,0.0
2017-08-23 20:42:04,3,-0.3182
2017-08-23 20:42:14,3,0.6808
2017-08-23 20:47:59,3,0.4168
2017-08-23 20:48:53,3,0.5972
2017-08-23 20:49:27,3,0.0
2017-08-23 20:53:21,3,0.0
2017-08-23 20:53:29,2,-0.1779
2017-08-23 20:54:04,3,0.4404
2017-08-23 20:54:43,3,0.0
2017-08-23 20:55:52,3,-0.4342
2017-08-23 20:55:58,3,0.0
2017-08-23 20:56:04,3,0.0
2017-08-23 20:56:22,3,0.4588
2017-08-23 20:56:23,3,0.0
2017-08-23 20:57:01,3,0.8074
2017-08-23 20:57:18,3,0.0
2017-08-23 20:57:38,3,0.2263
2017-08-23 20:57:44,3,0.1779
2017-08-23 20:58:27,3,0.0
2017-08-23 20:58:42,3,-0.7269
2017-08-23 20:59:13,3,0.7269
2017-08-23 20:59:23,3,0.7845
2017-08-23 20:59:27,3,0.0
2017-08-23 20:59:31,3,0.0
2017-08-23 20:59:55,3,0.5402
2017-08-23 20:59:59,3,0.0
2017-08-23 21:00:40,3,0.0
2017-08-23 21:00:47,3,0.7264
2017-08-23 21:00:52,3,0.0
2017-08-23 21:02:42,3,0.7579
2017-08-23 21:04:24,3,0.1045
2017-08-23 21:04:30,3,-0.7445
2017-08-23 21:04:41,3,0.6696
2017-08-23 21:04:41,3,0.0
2017-08-23 21:04:41,3,0.0
2017-08-23 21:04:44,3,0.0
2017-08-23 21:04:49,3,0.0
2017-08-23 21:04:57,3,0.0
2017-08-23 21:05:01,3,0.5994
2017-08-23 21:05:08,3,0.714
2017-08-23 21:05:09,3,0.6239
2017-08-23 21:05:16,3,0.0
2017-08-23 21:05:22,3,0.6369
2017-08-23 21:05:27,3,0.0
2017-08-23 21:05:27,3,-0.5574
2017-08-23 21:05:35,3,0.0
2017-08-23 21:05:43,3,0.0
2017-08-23 21:05:44,3,0.0
2017-08-23 21:05:49,3,0.4724
2017-08-23 21:05:57,3,0.5719
2017-08-23 21:06:07,3,0.7475
2017-08-23 21:06:21,3,0.0
2017-08-23 21:06:22,3,0.7506
2017-08-23 21:06:25,3,0.4215
2017-08-23 21:06:30,3,0.0
2017-08-23 21:06:30,3,-0.3818
2017-08-23 21:06:47,3,0.765
2017-08-23 21:06:57,3,0.0772
2017-08-23 21:07:14,3,0.0
2017-08-23 21:07:17,3,0.6361
2017-08-23 21:07:30,3,0.0
2017-08-23 21:07:35,3,0.0
2017-08-23 21:07:35,3,0.5562
2017-08-23 21:07:46,3,0.0
2017-08-23 21:07:54,3,0.4215
2017-08-23 21:08:28,3,0.0772
2017-08-23 21:08:33,3,0.0
2017-08-23 21:08:36,3,0.2732
2017-08-23 21:08:46,3,0.7739
2017-08-23 21:10:08,3,0.2235
2017-08-23 21:10:25,3,0.3182
2017-08-23 21:10:42,3,0.4215
2017-08-23 21:11:02,3,0.0
2017-08-23 21:11:33,3,-0.4767
2017-08-23 21:12:36,3,0.3182
2017-08-23 21:12:58,3,0.4404
2017-08-23 21:13:16,3,0.0
2017-08-23 21:13:22,3,0.0
2017-08-23 21:13:53,3,0.5574
2017-08-23 21:17:06,3,0.8271
2017-08-23 21:20:48,3,-0.5574
2017-08-23 21:24:45,3,0.0
2017-08-23 21:25:43,2,0.4749
2017-08-23 21:26:08,3,-0.1111
2017-08-23 21:26:48,3,0.4215
2017-08-23 21:28:05,3,0.0
2017-08-23 21:29:25,3,0.7351
2017-08-23 21:29:48,3,-0.4927
2017-08-23 21:30:28,3,0.4404
2017-08-23 21:30:35,3,0.0
2017-08-23 21:34:26,3,0.8173
2017-08-23 21:34:37,3,0.6549
2017-08-23 21:35:03,3,0.0
2017-08-23 21:35:55,3,0.0
2017-08-23 21:20:53,15,0.0
2017-08-23 20:19:57,8,-0.3182
2017-08-23 19:53:03,5,-0.5423
2017-08-23 20:07:22,6,0.0
2017-08-23 20:13:14,5,0.0
2017-08-23 20:13:32,4,0.0
2017-08-23 20:13:54,5,-0.5859
2017-08-23 20:39:59,5,0.8937
2017-08-23 20:44:08,5,0.0772
2017-08-23 21:03:18,5,0.2716
2017-08-23 21:08:30,5,0.5106
2017-08-23 21:14:39,5,0.3182
2017-08-23 21:15:31,4,-0.6064
2017-08-23 21:20:53,5,-0.5859
2017-08-23 21:21:03,5,0.0772
2017-08-23 21:21:40,5,-0.8934
2017-08-23 21:21:42,5,-0.5106
2017-08-23 21:21:44,5,0.0
2017-08-23 21:22:04,4,0.6347
2017-08-23 21:22:35,5,0.0
2017-08-23 21:22:38,5,0.0
2017-08-23 21:24:26,5,-0.5859
2017-08-23 20:11:11,7,0.0
2017-08-23 20:32:16,7,0.0
2017-08-23 20:34:12,6,0.5423
2017-08-23 19:01:45,5,0.6369
2017-08-23 20:07:04,4,-0.4939
2017-08-23 20:07:07,4,0.5859
2017-08-23 20:10:56,4,0.6115
2017-08-23 20:13:43,5,-0.7345
2017-08-23 20:14:06,5,0.0
2017-08-23 20:14:08,3,0.0
2017-08-23 20:14:28,5,-0.6696
2017-08-23 20:14:36,5,0.25
2017-08-23 20:15:46,4,-0.5423
2017-08-23 20:16:30,4,0.0
2017-08-23 20:18:58,4,-0.7574
2017-08-23 20:26:34,4,0.0
2017-08-23 20:35:26,4,0.0
2017-08-23 20:40:39,4,0.0
2017-08-23 20:43:17,4,0.5859
2017-08-23 20:54:31,4,0.3612
2017-08-23 20:59:30,4,0.6087
2017-08-23 21:05:44,4,0.0
2017-08-23 21:06:04,4,-0.4019
2017-08-23 21:07:20,4,-0.5106
2017-08-23 21:16:06,4,0.3182
2017-08-23 21:17:37,4,0.0
2017-08-23 21:20:53,4,0.0
2017-08-23 21:21:35,4,0.34
2017-08-23 21:21:38,3,0.7778
2017-08-23 21:23:00,4,-0.4588
2017-08-23 21:24:26,4,0.0
2017-08-23 21:25:16,4,0.0
2017-08-23 21:22:42,7,0.0772
2017-08-23 21:33:26,5,0.3612
2017-08-23 18:59:25,2,0.0
2017-08-23 19:00:27,2,-0.9316
2017-08-23 19:07:17,2,0.0
2017-08-23 19:07:55,2,0.0
2017-08-23 19:14:35,2,0.6142
2017-08-23 19:15:39,2,0.3612
2017-08-23 19:26:04,2,0.0
2017-08-23 19:39:46,2,0.0
2017-08-23 19:41:45,2,0.5994
2017-08-23 19:42:21,2,0.0
2017-08-23 19:43:25,2,-0.7003
2017-08-23 19:44:12,2,-0.296
2017-08-23 19:44:25,2,0.0
2017-08-23 19:44:40,2,0.0
2017-08-23 19:44:43,2,0.0
2017-08-23 19:44:50,2,0.0
2017-08-23 19:44:57,2,0.0
2017-08-23 19:45:00,2,0.0
2017-08-23 19:45:04,2,-0.5423
2017-08-23 19:45:16,2,0.0
2017-08-23 19:45:16,2,0.6369
2017-08-23 19:45:32,2,0.0
2017-08-23 19:46:10,2,0.0
2017-08-23 19:46:26,2,0.0
2017-08-23 19:46:33,2,0.0
2017-08-23 19:46:46,2,0.0
2017-08-23 19:46:49,2,0.0
2017-08-23 19:47:33,2,0.6166
2017-08-23 19:47:43,2,0.7003
2017-08-23 19:47:54,2,0.0
2017-08-23 19:47:56,2,0.0
2017-08-23 19:47:58,2,0.0
2017-08-23 19:48:01,2,0.3182
2017-08-23 19:48:07,2,0.2411
2017-08-23 19:48:23,2,0.0
2017-08-23 19:48:25,2,0.0
2017-08-23 19:48:41,2,0.4019
2017-08-23 19:48:43,2,-0.5423
2017-08-23 19:48:53,2,0.0
2017-08-23 19:48:57,2,0.3182
2017-08-23 19:49:01,2,0.0431
2017-08-23 19:49:04,2,0.0
2017-08-23 19:49:05,2,0.4404
2017-08-23 19:49:05,2,0.34
2017-08-23 19:49:16,2,0.2732
2017-08-23 19:49:17,2,0.0
2017-08-23 19:49:25,2,0.0
2017-08-23 19:49:28,2,0.0
2017-08-23 19:49:41,2,0.234
2017-08-23 19:49:57,2,-0.5927
2017-08-23 19:50:01,2,0.8621
2017-08-23 19:50:04,2,-0.5423
2017-08-23 19:50:17,2,0.0
2017-08-23 19:50:21,2,0.4173
2017-08-23 19:50:43,2,0.5413
2017-08-23 19:50:46,2,0.0
2017-08-23 19:50:49,2,0.0772
2017-08-23 19:51:04,2,0.6249
2017-08-23 19:51:07,2,0.0772
2017-08-23 19:51:07,2,0.8298
2017-08-23 19:51:15,2,0.0258
2017-08-23 19:51:25,2,0.0772
2017-08-23 19:51:51,2,-0.5423
2017-08-23 19:51:59,2,-0.4215
2017-08-23 19:52:08,2,-0.3182
2017-08-23 19:52:17,2,0.0
2017-08-23 19:52:33,2,0.6604
2017-08-23 19:53:00,2,-0.5423
2017-08-23 19:53:00,2,-0.0516
2017-08-23 19:54:27,2,0.7717
2017-08-23 19:55:30,2,-0.5374
2017-08-23 19:55:39,2,0.0
2017-08-23 19:55:40,2,0.0
2017-08-23 19:55:41,2,0.656
2017-08-23 19:55:44,2,-0.0762
2017-08-23 19:55:54,2,-0.6884
2017-08-23 19:55:56,2,0.0
2017-08-23 19:55:57,2,0.0
2017-08-23 19:56:02,2,0.0
2017-08-23 19:56:02,2,-0.6229
2017-08-23 19:56:04,2,0.296
2017-08-23 19:56:04,2,0.6369
2017-08-23 19:56:07,2,0.6249
2017-08-23 19:56:08,2,0.5267
2017-08-23 19:56:08,2,0.0
2017-08-23 19:56:08,2,0.5707
2017-08-23 19:56:08,2,0.5994
2017-08-23 19:56:09,2,0.0
2017-08-23 19:56:09,2,0.0
2017-08-23 19:56:10,2,0.0
2017-08-23 19:56:13,2,0.4574
2017-08-23 19:56:15,2,0.0
2017-08-23 19:56:20,2,0.0
2017-08-23 19:56:25,2,0.4404
2017-08-23 19:56:31,2,0.0
2017-08-23 19:56:34,2,0.0
2017-08-23 19:56:34,2,0.5664
2017-08-23 19:56:39,2,0.0
2017-08-23 19:56:43,2,0.0
2017-08-23 19:56:53,2,0.8271
2017-08-23 19:57:07,2,0.4588
2017-08-23 19:57:13,2,0.4404
2017-08-23 19:57:20,2,0.0
2017-08-23 19:57:21,2,-0.6229
2017-08-23 19:57:44,2,0.8316
2017-08-23 19:57:49,2,0.2315
2017-08-23 19:58:01,2,0.0
2017-08-23 19:58:09,2,-0.5574
2017-08-23 19:58:14,2,0.4404
2017-08-23 19:58:17,2,0.2023
2017-08-23 19:58:34,2,0.0
2017-08-23 19:59:01,2,0.3612
2017-08-23 19:59:15,2,0.0
2017-08-23 19:59:41,2,0.0
2017-08-23 19:59:53,2,0.6369
2017-08-23 20:00:04,2,0.4404
2017-08-23 20:00:16,2,0.0
2017-08-23 20:00:28,2,0.2819
2017-08-23 20:00:35,2,0.5106
2017-08-23 20:00:36,2,0.1779
2017-08-23 20:00:46,2,-0.6908
2017-08-23 20:00:54,2,0.0
2017-08-23 20:01:18,2,0.3962
2017-08-23 20:01:35,2,-0.824
2017-08-23 20:01:39,2,0.0
2017-08-23 20:01:46,2,0.0
2017-08-23 20:01:56,2,0.0
2017-08-23 20:02:33,2,0.2023
2017-08-23 20:03:10,2,0.0
2017-08-23 20:03:12,2,0.0
2017-08-23 20:03:18,2,0.0
2017-08-23 20:03:18,2,0.0
2017-08-23 20:03:20,2,0.0
2017-08-23 20:03:21,2,0.0
2017-08-23 20:03:22,2,-0.3804
2017-08-23 20:03:22,2,0.0
2017-08-23 20:03:24,2,0.0
2017-08-23 20:03:26,2,0.0
2017-08-23 20:03:28,2,0.0
2017-08-23 20:03:29,2,0.0
2017-08-23 20:03:33,2,0.4549
2017-08-23 20:03:39,2,0.8122
2017-08-23 20:03:41,2,0.0
2017-08-23 20:03:44,2,0.0
2017-08-23 20:03:46,2,0.5719
2017-08-23 20:04:01,2,0.0
2017-08-23 20:04:06,2,0.0
2017-08-23 20:04:06,2,0.3818
2017-08-23 20:04:07,2,0.0
2017-08-23 20:04:10,2,0.636
2017-08-23 20:04:10,2,0.5859
2017-08-23 20:04:14,2,0.4927
2017-08-23 20:04:15,2,0.2732
2017-08-23 20:04:15,2,-0.4559
2017-08-23 20:04:18,2,0.0
2017-08-23 20:04:19,2,0.0
2017-08-23 20:04:24,2,0.507
2017-08-23 20:04:25,2,0.4215
2017-08-23 20:04:26,2,0.0
2017-08-23 20:04:32,2,0.6369
2017-08-23 20:04:46,2,0.0
2017-08-23 20:04:49,2,-0.4003
2017-08-23 20:04:49,2,0.0
2017-08-23 20:04:51,2,-0.2023
2017-08-23 20:05:01,2,0.0
2017-08-23 20:05:12,2,0.7096
2017-08-23 20:05:12,2,-0.0846
2017-08-23 20:05:13,2,0.0
2017-08-23 20:05:14,2,0.0
2017-08-23 20:05:23,2,0.0
2017-08-23 20:05:24,2,0.4019
2017-08-23 20:05:26,2,0.7184
2017-08-23 20:05:27,2,0.0
2017-08-23 20:05:30,2,0.0
2017-08-23 20:05:42,2,-0.5574
2017-08-23 20:05:42,2,0.8779
2017-08-23 20:05:42,2,0.0
2017-08-23 20:05:43,2,0.5319
2017-08-23 20:05:44,2,0.0
2017-08-23 20:05:44,2,0.5994
2017-08-23 20:05:48,2,0.0
2017-08-23 20:05:48,2,-0.6229
2017-08-23 20:05:52,2,0.0
2017-08-23 20:05:56,2,-0.7156
2017-08-23 20:05:57,2,0.4404
2017-08-23 20:05:58,2,-0.5849
2017-08-23 20:06:06,2,0.4939
2017-08-23 20:06:09,2,-0.5423
2017-08-23 20:06:13,2,0.0
2017-08-23 20:06:20,2,0.0
2017-08-23 20:06:24,2,0.5267
2017-08-23 20:06:25,2,0.2695
2017-08-23 20:06:26,2,-0.5423
2017-08-23 20:06:29,2,0.0
2017-08-23 20:06:30,2,0.0
2017-08-23 20:06:31,2,0.3384
2017-08-23 20:06:32,2,-0.0572
2017-08-23 20:06:32,2,0.0
2017-08-23 20:06:32,2,0.0
2017-08-23 20:06:36,2,-0.296
2017-08-23 20:06:36,2,0.5267
2017-08-23 20:06:36,2,0.2716
2017-08-23 20:06:43,2,0.0
2017-08-23 20:06:43,2,-0.0772
2017-08-23 20:06:48,2,0.893
2017-08-23 20:06:49,2,-0.5994
2017-08-23 20:06:49,2,0.0
2017-08-23 20:06:52,2,0.5413
2017-08-23 20:06:53,2,0.6369
2017-08-23 20:06:53,2,-0.6908
2017-08-23 20:06:57,2,0.5423
2017-08-23 20:06:57,2,0.4588
2017-08-23 20:06:59,2,-0.6908
2017-08-23 20:07:00,2,0.0258
2017-08-23 20:07:02,2,-0.891
2017-08-23 20:07:12,2,0.0
2017-08-23 20:07:14,2,0.0
2017-08-23 20:07:14,2,0.2235
2017-08-23 20:07:14,2,0.4215
2017-08-23 20:07:15,2,0.5859
2017-08-23 20:07:16,2,0.6096
2017-08-23 20:07:16,2,0.34
2017-08-23 20:07:18,2,-0.508
2017-08-23 20:07:20,2,0.0
2017-08-23 20:07:20,2,-0.0258
2017-08-23 20:07:20,2,0.2732
2017-08-23 20:07:27,2,0.0
2017-08-23 20:07:28,2,-0.5423
2017-08-23 20:07:31,2,0.2023
2017-08-23 20:07:31,2,0.0
2017-08-23 20:07:33,2,0.0
2017-08-23 20:07:43,2,0.7276
2017-08-23 20:07:44,2,0.0
2017-08-23 20:07:46,2,-0.765
2017-08-23 20:07:46,2,0.0
2017-08-23 20:07:50,2,0.0
2017-08-23 20:07:51,2,0.4404
2017-08-23 20:07:53,2,0.0
2017-08-23 20:08:00,2,0.0
2017-08-23 20:08:01,2,0.0
2017-08-23 20:08:09,2,-0.0772
2017-08-23 20:08:09,2,0.2732
2017-08-23 20:08:22,2,0.5719
2017-08-23 20:08:23,2,0.1164
2017-08-23 20:08:25,2,0.7269
2017-08-23 20:08:28,2,-0.5574
2017-08-23 20:08:39,2,0.0
2017-08-23 20:08:48,2,0.5106
2017-08-23 20:09:10,2,0.0
2017-08-23 20:09:12,2,0.1462
2017-08-23 20:09:15,2,0.0
2017-08-23 20:09:38,2,0.3612
2017-08-23 20:09:55,2,0.5859
2017-08-23 20:09:59,2,0.6239
2017-08-23 20:10:05,2,0.0
2017-08-23 20:10:08,2,0.0
2017-08-23 20:10:12,2,-0.3612
2017-08-23 20:10:20,2,0.2103
2017-08-23 20:10:21,2,-0.7104
2017-08-23 20:10:27,2,-0.3184
2017-08-23 20:10:28,2,0.0
2017-08-23 20:10:38,2,0.0
2017-08-23 20:10:39,2,0.5411
2017-08-23 20:10:47,2,0.4767
2017-08-23 20:10:48,2,0.4389
2017-08-23 20:10:48,2,0.5023
2017-08-23 20:10:55,2,0.0772
2017-08-23 20:11:02,2,0.7492
2017-08-23 20:11:07,2,-0.5859
2017-08-23 20:11:34,2,-0.128
2017-08-23 20:11:48,2,0.0
2017-08-23 20:11:50,2,0.2411
2017-08-23 20:11:51,2,-0.5423
2017-08-23 20:12:00,2,0.0
2017-08-23 20:12:04,2,0.0
2017-08-23 20:12:11,2,0.5106
2017-08-23 20:12:22,2,-0.4723
2017-08-23 20:12:45,2,0.7906
2017-08-23 20:12:47,2,0.6369
2017-08-23 20:12:58,2,0.1531
2017-08-23 20:13:17,2,0.5994
2017-08-23 20:13:17,2,-0.5859
2017-08-23 20:13:21,2,0.6697
2017-08-23 20:13:25,2,-0.3182
2017-08-23 20:13:58,2,0.6597
2017-08-23 20:14:20,2,0.0
2017-08-23 20:14:25,2,-0.0772
2017-08-23 20:14:30,2,0.0
2017-08-23 20:14:34,2,0.0
2017-08-23 20:14:41,2,0.281
2017-08-23 20:14:48,2,0.0
2017-08-23 20:14:52,2,-0.4767
2017-08-23 20:15:00,2,0.0
2017-08-23 20:15:00,2,-0.5956
2017-08-23 20:15:03,2,-0.7713
2017-08-23 20:15:15,2,-0.4767
2017-08-23 20:15:19,2,0.0
2017-08-23 20:15:22,2,0.7783
2017-08-23 20:15:25,2,-0.3381
2017-08-23 20:15:50,2,0.0
2017-08-23 20:15:52,2,-0.2144
2017-08-23 20:16:10,2,0.0772
2017-08-23 20:16:24,2,0.6697
2017-08-23 20:16:26,2,0.0762
2017-08-23 20:16:29,2,0.8644
2017-08-23 20:17:04,2,-0.5859
2017-08-23 20:17:07,2,0.4207
2017-08-23 20:18:16,2,-0.4019
2017-08-23 20:19:02,2,0.0
2017-08-23 20:19:26,2,-0.0516
2017-08-23 20:20:07,2,-0.5859
2017-08-23 20:20:28,2,0.4215
2017-08-23 20:20:58,2,0.5719
2017-08-23 20:21:21,2,0.0
2017-08-23 20:21:26,2,0.0
2017-08-23 20:21:34,2,-0.5256
2017-08-23 20:21:35,2,0.5859
2017-08-23 20:21:38,2,0.5106
2017-08-23 20:21:45,2,0.128
2017-08-23 20:21:48,2,0.0
2017-08-23 20:22:10,2,0.0
2017-08-23 20:22:33,2,-0.5423
2017-08-23 20:22:49,2,0.0
2017-08-23 20:23:00,2,0.784
2017-08-23 20:23:10,2,0.0
2017-08-23 20:23:12,2,0.0258
2017-08-23 20:23:14,2,0.5574
2017-08-23 20:23:16,2,0.0
2017-08-23 20:23:36,2,0.3182
2017-08-23 20:23:38,2,0.8126
2017-08-23 20:23:43,2,0.34
2017-08-23 20:23:46,2,0.1779
2017-08-23 20:23:47,2,0.5777
2017-08-23 20:23:48,2,0.296
2017-08-23 20:23:49,2,0.6697
2017-08-23 20:23:56,2,-0.2411
2017-08-23 20:24:00,2,0.5859
2017-08-23 20:24:05,2,0.6369
2017-08-23 20:24:17,2,-0.5859
2017-08-23 20:24:30,2,0.4019
2017-08-23 20:24:36,2,-0.6124
2017-08-23 20:24:50,2,-0.8977
2017-08-23 20:24:53,2,0.2023
2017-08-23 20:24:53,2,0.4574
2017-08-23 20:24:58,2,-0.5574
2017-08-23 20:26:46,2,0.0
2017-08-23 20:26:46,2,-0.6453
2017-08-23 20:26:53,2,-0.4767
2017-08-23 20:27:14,2,0.4404
2017-08-23 20:27:43,2,0.0
2017-08-23 20:28:05,2,0.0
2017-08-23 20:28:07,2,0.0
2017-08-23 20:28:09,2,0.3147
2017-08-23 20:28:18,2,0.5231
2017-08-23 20:28:20,2,0.0
2017-08-23 20:28:40,2,-0.0516
2017-08-23 20:29:28,2,0.5859
2017-08-23 20:29:46,2,0.802
2017-08-23 20:31:37,2,0.7506
2017-08-23 20:31:49,2,-0.4588
2017-08-23 20:32:29,2,0.7783
2017-08-23 20:36:26,2,-0.0772
2017-08-23 20:43:06,2,-0.2475
2017-08-23 20:49:18,2,0.4215
2017-08-23 20:51:05,2,-0.4767
2017-08-23 20:51:22,2,0.2481
2017-08-23 20:51:48,2,0.0
2017-08-23 20:51:48,2,0.3182
2017-08-23 20:52:03,2,-0.7089
2017-08-23 20:52:23,2,-0.5423
2017-08-23 20:52:25,2,-0.2023
2017-08-23 20:52:28,2,0.0
2017-08-23 20:53:27,2,0.0
2017-08-23 20:56:28,2,0.0
2017-08-23 20:56:40,2,0.0
2017-08-23 20:56:53,2,0.5719
2017-08-23 20:56:58,2,0.0
2017-08-23 20:57:05,2,0.0
2017-08-23 20:57:52,2,0.3612
2017-08-23 20:58:04,2,0.4215
2017-08-23 20:58:18,2,-0.5413
2017-08-23 20:59:06,2,0.5859
2017-08-23 20:59:18,2,0.0
2017-08-23 20:59:56,2,0.0
2017-08-23 21:00:03,2,0.5795
2017-08-23 21:00:18,2,0.0
2017-08-23 21:00:45,2,-0.2183
2017-08-23 21:01:13,2,0.81
2017-08-23 21:01:28,2,0.4215
2017-08-23 21:01:44,2,0.0
2017-08-23 21:02:33,2,0.7717
2017-08-23 21:02:41,2,0.8316
2017-08-23 21:03:02,2,0.4404
2017-08-23 21:03:03,2,-0.0772
2017-08-23 21:03:52,2,0.8519
2017-08-23 21:04:22,2,-0.128
2017-08-23 21:04:25,2,0.0
2017-08-23 21:04:36,2,0.6808
2017-08-23 21:04:47,2,0.0
2017-08-23 21:04:48,2,0.4404
2017-08-23 21:04:51,2,0.0
2017-08-23 21:04:54,2,0.0
2017-08-23 21:04:55,2,0.0
2017-08-23 21:05:00,2,0.0
2017-08-23 21:05:00,2,0.0
2017-08-23 21:05:01,2,0.0
2017-08-23 21:05:02,2,0.0
2017-08-23 21:05:05,2,0.8519
2017-08-23 21:05:05,2,0.186
2017-08-23 21:05:05,2,0.0
2017-08-23 21:05:05,2,0.8979
2017-08-23 21:05:06,2,0.2714
2017-08-23 21:05:07,2,0.0
2017-08-23 21:05:08,2,0.0
2017-08-23 21:05:12,2,0.0
2017-08-23 21:05:23,2,0.0
2017-08-23 21:05:25,2,0.0
2017-08-23 21:05:30,2,-0.0857
2017-08-23 21:05:32,2,0.0
2017-08-23 21:05:37,2,0.6369
2017-08-23 21:05:43,2,0.8374
2017-08-23 21:05:48,2,0.5984
2017-08-23 21:05:53,2,0.0
2017-08-23 21:05:56,2,0.2732
2017-08-23 21:05:57,2,0.6697
2017-08-23 21:05:57,2,0.0
2017-08-23 21:06:03,2,-0.128
2017-08-23 21:06:04,2,0.0
2017-08-23 21:06:04,2,0.0
2017-08-23 21:06:17,2,0.5719
2017-08-23 21:06:38,2,-0.2714
2017-08-23 21:06:39,2,0.0
2017-08-23 21:06:45,2,0.0
2017-08-23 21:07:01,2,0.0
2017-08-23 21:07:45,2,0.0
2017-08-23 21:08:19,2,0.0
2017-08-23 21:08:23,2,0.4215
2017-08-23 21:09:00,2,0.0
2017-08-23 21:09:36,2,0.0
2017-08-23 21:09:48,2,0.5499
2017-08-23 21:12:32,2,0.5267
2017-08-23 21:12:58,2,0.0
2017-08-23 21:13:45,2,-0.5423
2017-08-23 21:16:19,2,0.2263
2017-08-23 21:17:48,2,0.6249
2017-08-23 21:19:11,1,0.0
2017-08-23 21:19:14,2,0.0
2017-08-23 21:19:37,1,-0.6679
2017-08-23 21:20:36,2,0.7003
2017-08-23 21:23:49,2,0.3818
2017-08-23 21:26:06,1,-0.1022
2017-08-23 21:26:39,2,0.6369
2017-08-23 21:27:58,2,0.0
2017-08-23 21:28:09,2,0.2023
2017-08-23 21:28:47,2,0.4404
2017-08-23 21:28:52,2,0.6124
2017-08-23 21:28:57,2,0.0
2017-08-23 21:29:14,2,0.7925
2017-08-23 21:29:27,2,0.0
2017-08-23 21:29:35,2,0.0
2017-08-23 21:29:59,2,-0.2023
2017-08-23 21:30:04,2,0.7845
2017-08-23 21:30:12,2,0.0
2017-08-23 21:30:34,2,0.0
2017-08-23 21:31:33,2,0.0
2017-08-23 21:31:47,2,0.0
2017-08-23 21:34:06,2,-0.5423
2017-08-23 21:35:40,2,0.0
2017-08-23 21:35:42,2,0.4981
2017-08-23 21:35:43,2,0.0
2017-08-23 21:35:44,2,0.0
2017-08-23 21:36:41,2,0.6103
2017-08-23 21:38:04,2,0.8241
2017-08-23 21:42:04,2,0.128
2017-08-23 21:05:52,4,0.0
2017-08-23 19:26:39,4,0.5859
2017-08-23 19:53:05,3,0.7996
2017-08-23 19:53:41,2,0.4588
2017-08-23 19:58:48,3,0.0
2017-08-23 20:00:42,3,0.4404
2017-08-23 20:00:57,3,0.5574
2017-08-23 20:02:22,3,-0.25
2017-08-23 20:06:40,2,0.0
2017-08-23 20:13:42,3,0.0
2017-08-23 20:14:06,3,-0.5678
2017-08-23 20:14:33,4,0.0
2017-08-23 20:15:03,3,0.0
2017-08-23 20:15:04,3,-0.5719
2017-08-23 20:18:21,4,-0.34
2017-08-23 20:19:47,4,-0.4019
2017-08-23 20:22:06,3,-0.3612
2017-08-23 20:24:26,3,0.0
2017-08-23 20:25:20,4,0.0
2017-08-23 20:26:34,2,0.0
2017-08-23 20:28:13,3,0.0
2017-08-23 20:31:48,3,-0.743
2017-08-23 20:32:07,3,0.0
2017-08-23 20:35:53,2,0.0
2017-08-23 20:36:56,3,-0.3612
2017-08-23 20:37:50,3,0.8874
2017-08-23 20:48:11,3,0.7196
2017-08-23 20:56:53,3,0.2263
2017-08-23 20:57:33,3,0.7184
2017-08-23 21:01:56,3,0.0
2017-08-23 21:02:51,3,0.5473
2017-08-23 21:02:55,3,0.0
2017-08-23 21:06:16,3,0.4215
2017-08-23 21:09:15,3,0.1901
2017-08-23 21:16:10,3,0.3182
2017-08-23 21:18:23,3,0.4927
2017-08-23 21:20:41,3,0.0
2017-08-23 21:20:47,3,-0.3947
2017-08-23 21:22:27,3,0.3182
2017-08-23 21:23:36,3,-0.6239
2017-08-23 21:23:40,3,-0.4404
2017-08-23 21:23:52,3,0.3182
2017-08-23 21:23:53,3,0.0
2017-08-23 21:24:17,3,0.0
2017-08-23 21:25:31,3,-0.2023
2017-08-23 20:14:37,3,-0.8172
2017-08-23 21:03:39,4,0.5574
2017-08-23 21:14:06,4,0.4588
2017-08-23 21:25:34,4,-0.6249
2017-08-23 19:53:29,4,-0.4164
2017-08-23 19:53:31,2,0.296
2017-08-23 20:13:12,4,-0.5423
2017-08-23 20:40:44,3,0.0
2017-08-23 20:43:57,3,0.0
2017-08-23 21:16:35,3,0.0772
2017-08-23 21:21:48,2,0.4215
2017-08-23 21:22:23,3,-0.5859
2017-08-23 20:17:35,3,0.1027
2017-08-23 20:19:28,2,0.3716
2017-08-23 20:33:03,3,0.2023
2017-08-23 21:23:34,3,-0.5106
2017-08-23 21:23:57,3,-0.6597
2017-08-23 19:27:27,2,0.8402
2017-08-23 19:33:47,2,-0.4019
2017-08-23 19:49:01,2,0.0
2017-08-23 19:56:17,2,0.6908
2017-08-23 19:57:22,2,0.0
2017-08-23 20:04:12,2,0.0
2017-08-23 20:04:51,2,0.7425
2017-08-23 20:06:36,2,0.0
2017-08-23 20:13:46,2,-0.6739
2017-08-23 20:14:41,2,-0.0516
2017-08-23 20:15:41,2,0.836
2017-08-23 20:15:53,2,0.3197
2017-08-23 20:18:57,2,-0.4404
2017-08-23 20:21:26,2,-0.2402
2017-08-23 20:21:41,2,-0.296
2017-08-23 20:23:26,2,0.296
2017-08-23 20:24:03,2,-0.1531
2017-08-23 20:28:08,2,-0.34
2017-08-23 20:29:41,2,0.0
2017-08-23 20:47:56,2,-0.5423
2017-08-23 20:53:41,2,0.2263
2017-08-23 20:53:53,2,0.6369
2017-08-23 20:55:48,2,-0.4215
2017-08-23 20:56:13,1,0.0
2017-08-23 21:00:57,2,0.0
2017-08-23 21:01:36,1,-0.4927
2017-08-23 21:02:18,2,0.0
2017-08-23 21:03:08,2,0.0
2017-08-23 21:03:30,2,-0.6808
2017-08-23 21:05:48,2,0.4753
2017-08-23 21:05:48,2,-0.6884
2017-08-23 21:05:55,2,0.6249
2017-08-23 21:06:15,2,0.0
2017-08-23 21:06:22,2,0.5106
2017-08-23 21:06:27,2,-0.4753
2017-08-23 21:06:44,2,0.7717
2017-08-23 21:06:45,2,0.0
2017-08-23 21:06:49,2,-0.2732
2017-08-23 21:06:50,2,-0.5106
2017-08-23 21:06:50,2,0.0
2017-08-23 21:16:15,2,0.0
2017-08-23 21:16:23,2,-0.4404
2017-08-23 21:17:51,2,0.7264
2017-08-23 21:21:11,2,-0.5423
2017-08-23 21:21:15,2,0.0
2017-08-23 21:21:22,2,0.4939
2017-08-23 21:22:20,2,-0.2582
2017-08-23 21:24:11,2,-0.5574
2017-08-23 21:26:44,2,0.1139
2017-08-23 21:31:40,2,0.0
2017-08-23 21:33:25,2,0.0
2017-08-23 20:47:04,2,0.0
2017-08-23 20:48:20,2,0.5379
2017-08-23 20:51:27,2,0.0
2017-08-23 21:06:12,2,-0.3254
2017-08-23 21:23:27,2,-0.7778
2017-08-23 21:31:47,2,0.1531
2017-08-23 19:22:10,2,-0.7845
2017-08-23 19:52:53,2,-0.4019
2017-08-23 20:13:23,2,0.5574
2017-08-23 20:15:11,3,-0.4939
2017-08-23 20:18:44,3,-0.4767
2017-08-23 21:22:26,1,-0.7688
2017-08-23 20:31:28,2,0.4215
2017-08-23 19:03:08,1,0.0
2017-08-23 19:04:56,1,0.0
2017-08-23 19:05:31,1,0.0516
2017-08-23 19:06:39,1,-0.2187
2017-08-23 19:37:04,1,0.7543
2017-08-23 19:37:27,1,0.0
2017-08-23 19:37:43,1,-0.2732
2017-08-23 19:38:15,1,0.54
2017-08-23 19:38:31,1,0.0
2017-08-23 19:40:04,1,0.0
2017-08-23 19:40:09,1,0.0
2017-08-23 19:40:23,1,-0.0516
2017-08-23 19:40:30,1,0.3612
2017-08-23 19:40:31,1,0.0
2017-08-23 19:41:07,1,-0.4084
2017-08-23 19:41:50,1,0.0
2017-08-23 19:41:57,1,0.0
2017-08-23 19:42:22,1,0.5267
2017-08-23 19:42:27,1,-0.1531
2017-08-23 19:42:30,1,0.624
2017-08-23 19:43:04,1,0.0
2017-08-23 19:43:05,1,0.0
2017-08-23 19:43:05,1,0.0
2017-08-23 19:43:13,1,-0.7783
2017-08-23 19:43:30,1,0.6369
2017-08-23 19:44:16,1,0.0
2017-08-23 19:44:23,1,0.0
2017-08-23 19:44:25,1,0.3612
2017-08-23 19:44:27,1,0.0
2017-08-23 19:45:14,1,-0.4404
2017-08-23 19:45:40,1,0.0
2017-08-23 19:45:46,1,0.0
2017-08-23 19:45:47,1,0.0
2017-08-23 19:45:57,1,0.0
2017-08-23 19:46:03,1,0.0
2017-08-23 19:46:22,1,0.6239
2017-08-23 19:46:24,1,-0.7303
2017-08-23 19:46:26,1,0.0
2017-08-23 19:46:42,1,0.0
2017-08-23 19:46:43,1,0.0
2017-08-23 19:46:45,1,0.0
2017-08-23 19:46:50,1,0.5994
2017-08-23 19:46:51,1,0.0
2017-08-23 19:46:56,1,0.0
2017-08-23 19:46:59,1,0.0
2017-08-23 19:47:02,1,0.0
2017-08-23 19:47:04,1,0.0
2017-08-23 19:47:06,1,0.0
2017-08-23 19:47:08,1,0.8176
2017-08-23 19:47:11,1,0.0
2017-08-23 19:47:12,1,0.0
2017-08-23 19:47:16,1,0.0
2017-08-23 19:47:17,1,0.0
2017-08-23 19:47:44,1,0.0
2017-08-23 19:47:44,1,0.4168
2017-08-23 19:47:55,1,0.0
2017-08-23 19:47:58,1,0.0
2017-08-23 19:48:01,1,0.4019
2017-08-23 19:48:01,1,-0.4019
2017-08-23 19:48:04,1,0.0
2017-08-23 19:48:06,1,0.0772
2017-08-23 19:48:18,1,0.0
2017-08-23 19:48:25,1,0.1877
2017-08-23 19:48:26,1,0.3182
2017-08-23 19:48:27,1,0.0
2017-08-23 19:48:31,1,0.2023
2017-08-23 19:48:32,1,0.0
2017-08-23 19:48:35,1,-0.0075
2017-08-23 19:48:42,1,0.0
2017-08-23 19:48:44,1,-0.5849
2017-08-23 19:48:47,1,0.4404
2017-08-23 19:48:47,1,0.0772
2017-08-23 19:48:48,1,0.0
2017-08-23 19:48:50,1,0.0
2017-08-23 19:48:58,1,0.0
2017-08-23 19:49:10,1,0.0
2017-08-23 19:49:27,1,-0.4767
2017-08-23 19:49:36,1,-0.4767
2017-08-23 19:49:36,1,-0.1471
2017-08-23 19:49:37,1,0.0
2017-08-23 19:49:39,1,0.0
2017-08-23 19:49:45,1,0.7092
2017-08-23 19:49:46,1,0.4939
2017-08-23 19:49:47,1,0.0
2017-08-23 19:49:48,1,0.0772
2017-08-23 19:49:50,1,0.0
2017-08-23 19:49:55,1,0.4404
2017-08-23 19:49:55,1,-0.296
2017-08-23 19:49:55,1,0.0
2017-08-23 19:49:56,1,0.4576
2017-08-23 19:49:57,1,0.0
2017-08-23 19:50:00,1,-0.2732
2017-08-23 19:50:05,1,0.8271
2017-08-23 19:50:09,1,-0.4724
2017-08-23 19:50:11,1,0.0
2017-08-23 19:50:13,1,0.656
2017-08-23 19:50:22,1,0.0
2017-08-23 19:50:26,1,0.0
2017-08-23 19:50:28,1,0.0
2017-08-23 19:50:42,1,-0.4404
2017-08-23 19:50:43,1,0.0
2017-08-23 19:50:45,1,0.6369
2017-08-23 19:50:49,1,-0.2263
2017-08-23 19:50:54,1,-0.1531
2017-08-23 19:50:57,1,0.6662
2017-08-23 19:50:58,1,-0.296
2017-08-23 19:51:03,1,0.0
2017-08-23 19:51:05,1,0.0
2017-08-23 19:51:46,1,0.0
2017-08-23 19:52:03,1,-0.1531
2017-08-23 19:52:06,1,0.0
2017-08-23 19:52:08,1,0.743
2017-08-23 19:52:10,1,0.0
2017-08-23 19:52:14,1,-0.4215
2017-08-23 19:52:24,1,0.0
2017-08-23 19:52:24,1,-0.5423
2017-08-23 19:52:34,1,0.1027
2017-08-23 19:52:36,1,0.0
2017-08-23 19:52:38,1,-0.5346
2017-08-23 19:52:40,1,0.0
2017-08-23 19:52:41,1,0.0
2017-08-23 19:52:41,1,0.0
2017-08-23 19:53:15,1,0.0
2017-08-23 19:53:15,1,0.6249
2017-08-23 19:53:15,1,-0.4015
2017-08-23 19:53:21,1,-0.5574
2017-08-23 19:53:22,1,0.0
2017-08-23 19:53:30,1,0.296
2017-08-23 19:53:31,1,0.0
2017-08-23 19:53:38,1,-0.1531
2017-08-23 19:54:25,1,0.0
2017-08-23 19:54:46,1,0.8834
2017-08-23 19:55:06,1,0.0
2017-08-23 19:55:18,1,0.4215
2017-08-23 19:55:18,1,0.0
2017-08-23 19:55:20,1,0.6369
2017-08-23 19:55:23,1,0.0
2017-08-23 19:55:23,1,0.0
2017-08-23 19:55:31,1,0.0
2017-08-23 19:55:31,1,0.0
2017-08-23 19:55:32,1,0.0
2017-08-23 19:55:33,1,0.0
2017-08-23 19:55:37,1,0.0
2017-08-23 19:55:38,1,-0.4019
2017-08-23 19:55:38,1,0.0
2017-08-23 19:55:40,1,0.6369
2017-08-23 19:55:40,1,0.4898
2017-08-23 19:55:40,1,0.5994
2017-08-23 19:55:41,1,0.0
2017-08-23 19:55:45,1,0.2732
2017-08-23 19:55:46,1,0.471
2017-08-23 19:55:53,1,0.0
2017-08-23 19:55:53,1,0.0
2017-08-23 19:55:54,1,0.0
2017-08-23 19:55:54,1,0.802
2017-08-23 19:55:57,1,0.4926
2017-08-23 19:55:58,1,0.0
2017-08-23 19:55:58,1,0.0
2017-08-23 19:56:00,1,0.4019
2017-08-23 19:56:03,1,0.0
2017-08-23 19:56:03,1,0.6209
2017-08-23 19:56:04,1,0.0
2017-08-23 19:56:04,1,0.0
2017-08-23 19:56:06,1,-0.1531
2017-08-23 19:56:06,1,0.0
2017-08-23 19:56:09,1,0.0
2017-08-23 19:56:09,1,0.0
2017-08-23 19:56:13,1,0.0
2017-08-23 19:56:13,1,0.875
2017-08-23 19:56:15,1,0.2732
2017-08-23 19:56:16,1,0.9349
2017-08-23 19:56:16,1,0.3384
2017-08-23 19:56:16,1,0.7556
2017-08-23 19:56:16,1,0.0
2017-08-23 19:56:17,1,0.6369
2017-08-23 19:56:17,1,0.0
2017-08-23 19:56:20,1,0.0
2017-08-23 19:56:23,1,0.0
2017-08-23 19:56:23,1,-0.2023
2017-08-23 19:56:28,1,0.3384
2017-08-23 19:56:29,1,0.4215
2017-08-23 19:56:31,1,0.1027
2017-08-23 19:56:33,1,0.0
2017-08-23 19:56:36,1,0.0
2017-08-23 19:56:37,1,-0.2023
2017-08-23 19:56:40,1,0.5859
2017-08-23 19:56:40,1,0.6369
2017-08-23 19:56:42,1,0.5859
2017-08-23 19:56:44,1,0.0
2017-08-23 19:56:47,1,-0.7096
2017-08-23 19:56:52,1,0.0
2017-08-23 19:56:53,1,0.0
2017-08-23 19:56:54,1,0.4404
2017-08-23 19:56:55,1,0.5574
2017-08-23 19:56:57,1,0.0
2017-08-23 19:57:02,1,0.0
2017-08-23 19:57:02,1,-0.1531
2017-08-23 19:57:02,1,0.7297
2017-08-23 19:57:03,1,0.4404
2017-08-23 19:57:03,1,0.6124
2017-08-23 19:57:03,1,0.807
2017-08-23 19:57:06,1,0.8458
2017-08-23 19:57:06,1,0.6478
2017-08-23 19:57:07,1,-0.3818
2017-08-23 19:57:09,1,0.4019
2017-08-23 19:57:09,1,0.0
2017-08-23 19:57:11,1,-0.5423
2017-08-23 19:57:11,1,0.6588
2017-08-23 19:57:11,1,0.2003
2017-08-23 19:57:13,1,0.6369
2017-08-23 19:57:14,1,0.4574
2017-08-23 19:57:18,1,0.0
2017-08-23 19:57:19,1,0.0
2017-08-23 19:57:20,1,0.25
2017-08-23 19:57:32,1,-0.5538
2017-08-23 19:57:35,1,0.296
2017-08-23 19:57:39,1,0.0
2017-08-23 19:57:41,1,0.0
2017-08-23 19:57:51,1,0.5486
2017-08-23 19:57:52,1,0.296
2017-08-23 19:57:52,1,-0.3182
2017-08-23 19:57:53,1,0.0
2017-08-23 19:57:53,1,0.6269
2017-08-23 19:57:54,1,0.0
2017-08-23 19:57:58,1,0.5777
2017-08-23 19:58:09,1,-0.4215
2017-08-23 19:58:10,1,0.0
2017-08-23 19:58:12,1,0.6808
2017-08-23 19:58:44,1,-0.5411
2017-08-23 19:58:49,1,0.5106
2017-08-23 19:59:44,1,0.5719
2017-08-23 19:59:56,1,0.0
2017-08-23 20:00:26,1,0.0
2017-08-23 20:00:28,1,0.2732
2017-08-23 20:00:55,1,0.0
2017-08-23 20:01:05,1,-0.7245
2017-08-23 20:01:09,1,0.6249
2017-08-23 20:01:10,1,-0.4019
2017-08-23 20:01:11,1,0.0
2017-08-23 20:01:38,1,0.0
2017-08-23 20:01:40,1,0.0
2017-08-23 20:01:46,1,-0.6864
2017-08-23 20:02:06,1,0.0
2017-08-23 20:02:18,1,0.0
2017-08-23 20:02:29,1,0.4404
2017-08-23 20:02:40,1,0.0
2017-08-23 20:02:40,1,0.0
2017-08-23 20:02:41,1,0.6486
2017-08-23 20:02:42,1,0.0
2017-08-23 20:02:44,1,0.0
2017-08-23 20:02:56,1,0.4926
2017-08-23 20:02:59,1,0.4215
2017-08-23 20:03:04,1,-0.5423
2017-08-23 20:03:16,1,0.4019
2017-08-23 20:03:18,1,0.0
2017-08-23 20:03:24,1,0.0
2017-08-23 20:03:26,1,0.0
2017-08-23 20:03:27,1,0.0
2017-08-23 20:03:28,1,0.4404
2017-08-23 20:03:34,1,0.5983
2017-08-23 20:03:35,1,0.0
2017-08-23 20:03:35,1,0.5983
2017-08-23 20:03:36,1,0.0
2017-08-23 20:03:37,1,0.431
2017-08-23 20:03:38,1,0.0
2017-08-23 20:03:42,1,0.6892
2017-08-23 20:03:43,1,0.0
2017-08-23 20:03:45,1,0.0
2017-08-23 20:03:47,1,0.6808
2017-08-23 20:03:47,1,0.5106
2017-08-23 20:03:49,1,0.0
2017-08-23 20:03:49,1,0.0
2017-08-23 20:03:49,1,0.0
2017-08-23 20:03:54,1,0.4574
2017-08-23 20:03:56,1,-0.5859
2017-08-23 20:03:56,1,-0.3182
2017-08-23 20:03:58,1,0.0
2017-08-23 20:03:58,1,0.7474
2017-08-23 20:04:00,1,0.0
2017-08-23 20:04:02,1,0.7866
2017-08-23 20:04:03,1,0.0
2017-08-23 20:04:03,1,0.6083
2017-08-23 20:04:04,1,0.0
2017-08-23 20:04:05,1,0.0
2017-08-23 20:04:20,1,0.0
2017-08-23 20:04:21,1,0.0
2017-08-23 20:04:22,1,-0.4443
2017-08-23 20:04:22,1,0.5106
2017-08-23 20:04:23,1,0.0
2017-08-23 20:04:23,1,0.0
2017-08-23 20:04:28,1,0.0
2017-08-23 20:04:31,1,0.0
2017-08-23 20:04:32,1,0.0
2017-08-23 20:04:34,1,-0.5423
2017-08-23 20:04:41,1,0.0
2017-08-23 20:04:42,1,-0.8126
2017-08-23 20:04:43,1,0.5267
2017-08-23 20:04:55,1,0.34
2017-08-23 20:04:59,1,0.0
2017-08-23 20:05:01,1,0.6369
2017-08-23 20:05:06,1,0.4926
2017-08-23 20:05:07,1,0.0
2017-08-23 20:05:09,1,-0.2003
2017-08-23 20:05:09,1,0.5542
2017-08-23 20:05:10,1,0.4939
2017-08-23 20:05:20,1,0.0
2017-08-23 20:05:23,1,0.0
2017-08-23 20:05:25,1,0.34
2017-08-23 20:05:25,1,0.0
2017-08-23 20:05:27,1,0.0
2017-08-23 20:05:30,1,-0.0772
2017-08-23 20:05:41,1,0.5067
2017-08-23 20:05:42,1,0.4574
2017-08-23 20:05:44,1,0.0
2017-08-23 20:05:45,1,0.0
2017-08-23 20:05:47,1,0.0
2017-08-23 20:05:48,1,0.6369
2017-08-23 20:05:48,1,0.5859
2017-08-23 20:05:49,1,0.0
2017-08-23 20:05:50,1,0.0
2017-08-23 20:05:52,1,0.0
2017-08-23 20:05:53,1,-0.1739
2017-08-23 20:05:53,1,0.0
2017-08-23 20:05:54,1,0.659
2017-08-23 20:05:54,1,0.6908
2017-08-23 20:05:54,1,0.0
2017-08-23 20:05:54,1,0.6369
2017-08-23 20:05:56,1,0.0
2017-08-23 20:05:56,1,0.0
2017-08-23 20:05:57,1,0.0
2017-08-23 20:05:57,1,0.5951
2017-08-23 20:05:58,1,0.0
2017-08-23 20:05:59,1,0.0
2017-08-23 20:06:01,1,0.0
2017-08-23 20:06:01,1,-0.3045
2017-08-23 20:06:03,1,-0.4404
2017-08-23 20:06:03,1,-0.6408
2017-08-23 20:06:04,1,0.796
2017-08-23 20:06:04,1,-0.7579
2017-08-23 20:06:04,1,0.0
2017-08-23 20:06:06,1,0.2732
2017-08-23 20:06:07,1,0.0
2017-08-23 20:06:08,1,0.0
2017-08-23 20:06:09,1,-0.5423
2017-08-23 20:06:09,1,0.0
2017-08-23 20:06:09,1,0.7096
2017-08-23 20:06:11,1,0.0258
2017-08-23 20:06:11,1,0.0
2017-08-23 20:06:11,1,0.0
2017-08-23 20:06:13,1,0.0
2017-08-23 20:06:13,1,0.0
2017-08-23 20:06:15,1,0.0
2017-08-23 20:06:15,1,0.6581
2017-08-23 20:06:15,1,-0.8174
2017-08-23 20:06:16,1,-0.5423
2017-08-23 20:06:16,1,0.3612
2017-08-23 20:06:16,1,0.7003
2017-08-23 20:06:16,1,0.5994
2017-08-23 20:06:17,1,0.802
2017-08-23 20:06:17,1,0.0
2017-08-23 20:06:18,1,0.0
2017-08-23 20:06:18,1,0.0
2017-08-23 20:06:18,1,0.7906
2017-08-23 20:06:18,1,0.0
2017-08-23 20:06:18,1,-0.5423
2017-08-23 20:06:19,1,0.2732
2017-08-23 20:06:19,1,-0.5574
2017-08-23 20:06:19,1,0.0
2017-08-23 20:06:19,1,0.5994
2017-08-23 20:06:20,1,0.4767
2017-08-23 20:06:20,1,0.0601
2017-08-23 20:06:21,1,0.0
2017-08-23 20:06:21,1,0.0
2017-08-23 20:06:21,1,0.4184
2017-08-23 20:06:22,1,0.4215
2017-08-23 20:06:22,1,0.8301
2017-08-23 20:06:24,1,0.0
2017-08-23 20:06:24,1,0.4588
2017-08-23 20:06:26,1,-0.5574
2017-08-23 20:06:26,1,0.0
2017-08-23 20:06:27,1,-0.8286
2017-08-23 20:06:27,1,0.5707
2017-08-23 20:06:27,1,0.624
2017-08-23 20:06:29,1,0.0
2017-08-23 20:06:31,1,-0.1531
2017-08-23 20:06:32,1,0.6566
2017-08-23 20:06:32,1,0.907
2017-08-23 20:06:35,1,0.0
2017-08-23 20:06:35,1,0.7096
2017-08-23 20:06:37,1,0.0
2017-08-23 20:06:38,1,0.0
2017-08-23 20:06:53,1,-0.7184
2017-08-23 20:06:54,1,0.0
2017-08-23 20:06:55,1,0.0
2017-08-23 20:06:57,1,0.0
2017-08-23 20:07:04,1,0.0
2017-08-23 20:07:04,1,0.0
2017-08-23 20:07:05,1,-0.6523
2017-08-23 20:07:09,1,-0.1531
2017-08-23 20:07:16,1,0.0
2017-08-23 20:07:18,1,0.6696
2017-08-23 20:07:19,1,-0.0258
2017-08-23 20:07:29,1,0.6077
2017-08-23 20:07:32,1,0.6369
2017-08-23 20:07:32,1,0.474
2017-08-23 20:07:33,1,0.0
2017-08-23 20:07:34,1,0.7322
2017-08-23 20:07:35,1,-0.3818
2017-08-23 20:07:36,1,-0.5859
2017-08-23 20:07:38,1,-0.6114
2017-08-23 20:07:39,1,-0.6124
2017-08-23 20:07:41,1,0.4434
2017-08-23 20:07:43,1,-0.2023
2017-08-23 20:07:44,1,-0.5423
2017-08-23 20:07:45,1,-0.296
2017-08-23 20:07:49,1,0.0
2017-08-23 20:07:50,1,0.6705
2017-08-23 20:07:50,1,0.0
2017-08-23 20:07:51,1,-0.4019
2017-08-23 20:07:54,1,0.7617
2017-08-23 20:07:54,1,-0.4404
2017-08-23 20:07:55,1,0.0
2017-08-23 20:07:58,1,0.2732
2017-08-23 20:08:00,1,-0.5719
2017-08-23 20:08:01,1,0.0
2017-08-23 20:08:01,1,0.0
2017-08-23 20:08:11,1,-0.5719
2017-08-23 20:08:17,1,-0.2584
2017-08-23 20:08:18,1,0.5719
2017-08-23 20:08:18,1,0.0
2017-08-23 20:08:18,1,0.765
2017-08-23 20:08:21,1,-0.0516
2017-08-23 20:08:22,1,0.7269
2017-08-23 20:08:23,1,-0.5574
2017-08-23 20:08:23,1,0.0
2017-08-23 20:08:24,1,-0.7563
2017-08-23 20:09:58,1,0.6369
2017-08-23 20:10:08,1,0.0
2017-08-23 20:10:23,1,-0.7481
2017-08-23 20:10:24,1,0.1987
2017-08-23 20:10:25,1,0.5994
2017-08-23 20:10:32,1,0.0
2017-08-23 20:10:33,1,0.296
2017-08-23 20:10:34,1,0.5106
2017-08-23 20:10:38,1,0.4588
2017-08-23 20:10:40,1,0.0
2017-08-23 20:10:41,1,-0.4976
2017-08-23 20:10:42,1,0.4003
2017-08-23 20:10:44,1,0.0
2017-08-23 20:10:57,1,0.0
2017-08-23 20:10:59,1,0.0
2017-08-23 20:11:05,1,0.0
2017-08-23 20:11:08,1,0.0
2017-08-23 20:11:23,1,0.5267
2017-08-23 20:11:26,1,0.34
2017-08-23 20:11:36,1,0.4404
2017-08-23 20:11:37,1,0.0258
2017-08-23 20:11:45,1,0.8674
2017-08-23 20:11:51,1,-0.5927
2017-08-23 20:11:51,1,0.3804
2017-08-23 20:12:03,1,0.0
2017-08-23 20:12:18,1,0.4767
2017-08-23 20:12:22,1,-0.5106
2017-08-23 20:12:25,1,0.4019
2017-08-23 20:12:35,1,0.0085
2017-08-23 20:13:07,1,-0.4019
2017-08-23 20:13:08,1,0.3612
2017-08-23 20:13:08,1,-0.5859
2017-08-23 20:13:13,1,0.0
2017-08-23 20:13:17,1,-0.5859
2017-08-23 20:13:25,1,0.4019
2017-08-23 20:13:25,1,0.4404
2017-08-23 20:13:26,1,0.4019
2017-08-23 20:13:32,1,-0.4215
2017-08-23 20:13:32,1,-0.5574
2017-08-23 20:13:43,1,-0.7269
2017-08-23 20:13:49,1,0.0
2017-08-23 20:13:50,1,0.0
2017-08-23 20:13:53,1,-0.6239
2017-08-23 20:13:55,1,-0.34
2017-08-23 20:13:58,1,0.4588
2017-08-23 20:13:59,1,-0.4898
2017-08-23 20:14:04,1,0.0
2017-08-23 20:14:09,1,0.0
2017-08-23 20:14:19,1,-0.4939
2017-08-23 20:14:21,1,-0.3182
2017-08-23 20:14:22,1,0.2598
2017-08-23 20:14:24,1,0.4779
2017-08-23 20:14:32,1,0.4019
2017-08-23 20:14:37,1,0.6988
2017-08-23 20:14:46,1,-0.1531
2017-08-23 20:14:51,1,0.34
2017-08-23 20:14:52,1,-0.5423
2017-08-23 20:15:01,1,0.1027
2017-08-23 20:15:14,1,-0.765
2017-08-23 20:15:17,1,-0.2732
2017-08-23 20:15:44,1,-0.128
2017-08-23 20:16:04,1,0.0
2017-08-23 20:16:08,1,-0.5267
2017-08-23 20:16:11,1,-0.4417
2017-08-23 20:16:11,1,0.0
2017-08-23 20:16:12,1,0.0
2017-08-23 20:16:51,1,0.0
2017-08-23 20:17:03,1,0.0
2017-08-23 20:18:20,1,0.0
2017-08-23 20:18:37,1,0.0
2017-08-23 20:18:42,1,0.0
2017-08-23 20:18:42,1,0.0
2017-08-23 20:21:08,1,-0.7746
2017-08-23 20:21:28,1,0.0772
2017-08-23 20:21:50,1,-0.5859
2017-08-23 20:21:55,1,0.0
2017-08-23 20:22:00,1,-0.5848
2017-08-23 20:22:01,1,-0.7783
2017-08-23 20:22:14,1,0.0
2017-08-23 20:22:18,1,0.5267
2017-08-23 20:22:20,1,-0.5574
2017-08-23 20:22:21,1,-0.4404
2017-08-23 20:22:26,1,-0.5574
2017-08-23 20:22:29,1,0.0
2017-08-23 20:22:29,1,-0.5859
2017-08-23 20:22:32,1,0.0
2017-08-23 20:22:34,1,0.0
2017-08-23 20:22:39,1,0.25
2017-08-23 20:22:45,1,0.4404
2017-08-23 20:22:59,1,-0.1531
2017-08-23 20:23:06,1,0.4019
2017-08-23 20:23:07,1,0.4404
2017-08-23 20:23:07,1,0.4352
2017-08-23 20:23:11,1,0.0
2017-08-23 20:23:35,1,-0.7633
2017-08-23 20:23:35,1,-0.296
2017-08-23 20:23:54,1,0.6369
2017-08-23 20:24:03,1,0.0
2017-08-23 20:24:12,1,0.0
2017-08-23 20:24:20,1,0.25
2017-08-23 20:24:32,1,-0.1027
2017-08-23 20:26:26,1,0.296
2017-08-23 20:26:44,1,0.0
2017-08-23 20:26:51,1,0.0
2017-08-23 20:26:57,1,0.0
2017-08-23 20:27:24,1,0.3412
2017-08-23 20:28:31,1,0.0
2017-08-23 20:29:29,1,-0.0516
2017-08-23 20:30:08,1,0.0
2017-08-23 20:30:24,1,-0.6808
2017-08-23 20:32:15,1,0.6249
2017-08-23 20:32:26,1,0.0
2017-08-23 20:33:31,1,0.7096
2017-08-23 20:34:14,1,0.7056
2017-08-23 20:36:33,2,0.0
2017-08-23 20:36:48,1,0.5267
2017-08-23 20:39:26,1,-0.3774
2017-08-23 20:42:31,1,0.4019
2017-08-23 20:42:56,1,0.5574
2017-08-23 20:44:48,1,0.8251
2017-08-23 20:45:05,1,0.7506
2017-08-23 20:48:29,1,0.5562
2017-08-23 20:51:03,1,0.0
2017-08-23 20:51:14,1,0.0
2017-08-23 20:51:21,1,-0.8655
2017-08-23 20:51:23,1,0.0
2017-08-23 20:52:09,1,0.0
2017-08-23 20:52:59,1,0.0
2017-08-23 20:53:07,1,0.0
2017-08-23 20:53:35,1,-0.3818
2017-08-23 20:53:47,1,0.0
2017-08-23 20:54:01,1,0.3182
2017-08-23 20:54:01,1,-0.2732
2017-08-23 20:55:16,1,0.0
2017-08-23 20:55:50,1,0.0
2017-08-23 20:55:52,1,0.0
2017-08-23 20:56:08,1,-0.1027
2017-08-23 20:56:30,1,0.0
2017-08-23 20:56:30,1,0.0772
2017-08-23 20:56:39,1,-0.6739
2017-08-23 20:56:44,1,0.4404
2017-08-23 20:57:18,1,0.0
2017-08-23 20:57:18,1,-0.296
2017-08-23 20:57:18,1,0.296
2017-08-23 20:57:35,1,0.0772
2017-08-23 20:58:04,1,0.2023
2017-08-23 20:59:03,1,0.4588
2017-08-23 20:59:08,1,-0.653
2017-08-23 20:59:13,1,0.0
2017-08-23 21:00:03,1,0.1027
2017-08-23 21:00:12,1,0.7022
2017-08-23 21:00:28,1,0.0
2017-08-23 21:00:32,1,0.0
2017-08-23 21:00:35,1,0.4588
2017-08-23 21:00:43,1,0.3182
2017-08-23 21:02:06,1,0.0
2017-08-23 21:02:15,1,0.6588
2017-08-23 21:02:20,1,0.3612
2017-08-23 21:02:22,1,0.0346
2017-08-23 21:02:44,1,0.6249
2017-08-23 21:03:51,1,0.0
2017-08-23 21:04:05,1,0.2732
2017-08-23 21:04:31,1,0.0
2017-08-23 21:04:35,1,0.0
2017-08-23 21:04:38,1,0.4019
2017-08-23 21:04:48,1,0.0
2017-08-23 21:04:50,1,0.0
2017-08-23 21:04:52,1,0.5859
2017-08-23 21:04:52,1,0.0
2017-08-23 21:04:53,1,0.0
2017-08-23 21:04:54,1,0.5994
2017-08-23 21:04:55,1,0.0
2017-08-23 21:04:55,1,0.0
2017-08-23 21:04:55,1,0.6467
2017-08-23 21:04:55,1,0.0
2017-08-23 21:04:57,1,0.0
2017-08-23 21:05:03,1,0.8356
2017-08-23 21:05:04,1,0.0
2017-08-23 21:05:11,1,0.0
2017-08-23 21:05:13,1,-0.4588
2017-08-23 21:05:19,1,-0.25
2017-08-23 21:05:20,1,0.0
2017-08-23 21:05:20,1,0.0
2017-08-23 21:05:22,1,0.6369
2017-08-23 21:05:24,1,-0.891
2017-08-23 21:05:26,1,-0.1531
2017-08-23 21:05:27,1,-0.3612
2017-08-23 21:05:30,1,0.0
2017-08-23 21:05:31,1,0.0
2017-08-23 21:05:36,1,0.4404
2017-08-23 21:05:46,1,0.0
2017-08-23 21:06:00,1,0.5473
2017-08-23 21:06:03,1,0.0
2017-08-23 21:06:05,1,0.0
2017-08-23 21:06:07,1,0.7906
2017-08-23 21:06:11,1,0.0
2017-08-23 21:06:38,1,0.5262
2017-08-23 21:06:41,1,0.3612
2017-08-23 21:06:57,1,0.0
2017-08-23 21:07:24,1,0.765
2017-08-23 21:07:33,1,0.4199
2017-08-23 21:08:07,1,0.0
2017-08-23 21:08:20,1,0.0
2017-08-23 21:08:33,1,0.0
2017-08-23 21:09:15,1,0.0
2017-08-23 21:10:23,1,-0.4585
2017-08-23 21:11:41,1,0.0
2017-08-23 21:11:57,1,0.3919
2017-08-23 21:11:57,1,0.2263
2017-08-23 21:12:44,1,-0.6369
2017-08-23 21:13:01,1,0.6249
2017-08-23 21:13:34,1,0.0
2017-08-23 21:14:00,1,0.4753
2017-08-23 21:18:52,1,0.0
2017-08-23 21:19:02,1,0.5362
2017-08-23 21:19:03,1,0.6369
2017-08-23 21:19:06,1,0.0
2017-08-23 21:19:42,1,0.2481
2017-08-23 21:20:50,0,0.2023
2017-08-23 21:21:40,1,0.0
2017-08-23 21:21:46,1,0.4404
2017-08-23 21:21:50,1,0.5598
2017-08-23 21:24:42,1,0.4215
2017-08-23 21:25:02,1,0.0
2017-08-23 21:25:18,1,0.743
2017-08-23 21:25:48,1,0.4215
2017-08-23 21:26:38,1,0.0
2017-08-23 21:28:40,1,0.5574
2017-08-23 21:28:42,1,0.0
2017-08-23 21:28:54,1,0.0
2017-08-23 21:28:59,1,0.0
2017-08-23 21:29:08,1,0.0
2017-08-23 21:29:15,1,0.0
2017-08-23 21:29:24,1,0.5574
2017-08-23 21:29:52,1,0.0
2017-08-23 21:29:52,1,0.0
2017-08-23 21:29:53,1,0.0
2017-08-23 21:30:04,1,0.7474
2017-08-23 21:32:20,1,0.765
2017-08-23 21:32:47,1,-0.5267
2017-08-23 21:32:58,1,0.0
2017-08-23 21:33:18,1,-0.5423
2017-08-23 21:33:51,1,0.0
2017-08-23 21:35:28,1,0.4404
2017-08-23 21:35:39,1,0.6125
2017-08-23 21:35:43,1,-0.6571
2017-08-23 21:37:15,1,0.6458
2017-08-23 21:37:53,1,0.0
2017-08-23 21:38:14,1,0.0
2017-08-23 21:39:20,1,-0.5256
2017-08-23 21:51:04,1,-0.5837
2017-08-23 20:15:30,1,-0.0083
2017-08-23 20:31:31,1,-0.5423
2017-08-23 20:19:05,0,0.0
2017-08-23 20:31:34,2,0.0
2017-08-23 21:16:52,1,0.5994
2017-08-23 21:19:19,1,-0.079
2017-08-23 21:19:47,1,0.0
2017-08-23 21:23:59,1,0.0
2017-08-23 20:32:30,0,0.0
2017-08-23 19:28:44,1,0.6114
2017-08-23 20:03:37,1,-0.5574
2017-08-23 20:14:08,1,0.0
2017-08-23 20:14:25,1,0.0
2017-08-23 20:17:55,1,0.4215
2017-08-23 20:21:20,1,0.0
2017-08-23 20:31:30,1,-0.3252
2017-08-23 20:39:54,1,0.5761
2017-08-23 21:03:09,1,0.2263
2017-08-23 21:09:46,0,-0.5423
2017-08-23 21:20:46,1,0.0
2017-08-23 21:22:30,1,-0.4404
2017-08-23 21:24:30,1,0.0
2017-08-23 21:25:46,1,-0.4404
2017-08-23 21:26:24,0,0.0
2017-08-23 21:30:07,1,0.0538
2017-08-23 21:31:51,1,0.0
2017-08-23 21:25:55,0,0.0
2017-08-23 19:02:11,1,-0.4019
2017-08-23 19:10:30,1,0.5859
2017-08-23 19:40:59,1,-0.5423
2017-08-23 19:48:03,1,-0.4927
2017-08-23 19:50:13,1,0.6249
2017-08-23 19:50:42,1,-0.4588
2017-08-23 19:50:44,1,0.0
2017-08-23 19:58:51,1,-0.4767
2017-08-23 19:59:22,1,0.2023
2017-08-23 20:00:53,1,0.8402
2017-08-23 20:06:45,1,0.5859
2017-08-23 20:13:49,1,-0.5423
2017-08-23 20:13:50,1,-0.34
2017-08-23 20:13:59,1,-0.3818
2017-08-23 20:14:08,1,0.0
2017-08-23 20:14:12,1,-0.4767
2017-08-23 20:14:20,1,-0.4019
2017-08-23 20:14:38,1,0.4939
2017-08-23 20:14:41,1,-0.0387
2017-08-23 20:15:24,1,0.34
2017-08-23 20:21:37,1,0.0
2017-08-23 20:22:24,1,-0.5423
2017-08-23 20:25:20,1,-0.7269
2017-08-23 20:29:47,1,-0.2584
2017-08-23 20:31:14,1,0.0
2017-08-23 20:32:30,1,0.0
2017-08-23 20:37:23,1,0.0
2017-08-23 20:48:55,1,0.498
2017-08-23 20:55:57,1,-0.7227
2017-08-23 20:56:33,1,-0.0258
2017-08-23 20:57:15,1,0.7531
2017-08-23 20:59:18,1,-0.0258
2017-08-23 21:00:17,1,0.2764
2017-08-23 21:02:22,1,0.0
2017-08-23 21:02:27,1,-0.5574
2017-08-23 21:02:31,1,-0.5574
2017-08-23 21:02:35,1,0.0
2017-08-23 21:02:35,1,0.8172
2017-08-23 21:02:52,1,-0.4574
2017-08-23 21:03:00,1,0.0
2017-08-23 21:03:06,1,0.4404
2017-08-23 21:03:07,1,0.4215
2017-08-23 21:03:11,1,-0.5574
2017-08-23 21:03:12,1,-0.25
2017-08-23 21:03:15,1,-0.34
2017-08-23 21:04:36,1,0.875
2017-08-23 21:05:46,1,-0.5106
2017-08-23 21:05:48,1,-0.3412
2017-08-23 21:05:52,1,0.0
2017-08-23 21:06:07,1,-0.5859
2017-08-23 21:06:10,1,-0.5106
2017-08-23 21:06:12,1,-0.5106
2017-08-23 21:06:15,1,0.3182
2017-08-23 21:06:16,1,0.7243
2017-08-23 21:06:18,1,0.0
2017-08-23 21:06:41,1,-0.5106
2017-08-23 21:07:22,1,0.0
2017-08-23 21:14:20,1,0.2732
2017-08-23 21:19:14,1,0.6249
2017-08-23 21:20:32,1,-0.3182
2017-08-23 21:20:44,1,-0.2263
2017-08-23 21:20:52,1,0.34
2017-08-23 21:20:57,1,0.4404
2017-08-23 21:21:16,1,-0.2263
2017-08-23 21:21:19,1,0.1027
2017-08-23 21:21:27,0,0.0
2017-08-23 21:23:24,1,0.631
2017-08-23 21:23:31,1,0.0
2017-08-23 21:24:01,1,-0.3182
2017-08-23 21:32:02,1,0.1531
2017-08-23 21:22:24,0,-0.6124
2017-08-23 20:31:00,-2,0.0
2017-08-23 19:57:25,0,-0.1531
2017-08-23 20:15:25,0,0.3802
2017-08-23 20:19:04,0,0.0
2017-08-23 20:23:22,0,0.2023
2017-08-23 20:29:07,0,0.0
2017-08-23 21:04:39,1,0.0749
2017-08-23 21:18:48,0,0.0
2017-08-23 21:22:19,0,0.0
2017-08-23 21:22:31,0,0.0
2017-08-23 19:29:02,0,0.0762
2017-08-23 19:52:11,0,0.0
2017-08-23 20:14:34,0,-0.5423
2017-08-23 20:14:42,0,-0.4019
2017-08-23 20:16:56,0,-0.0164
2017-08-23 21:23:25,0,0.3257
2017-08-23 21:26:35,0,0.0
2017-08-23 21:29:23,0,0.0
2017-08-23 20:49:56,-2,-0.7902
2017-08-23 21:22:15,-2,-0.5267
2017-08-23 20:03:39,-1,0.0
2017-08-23 20:16:54,-2,0.296
2017-08-23 20:56:49,-1,0.0
2017-08-23 21:19:50,-1,0.0
2017-08-23 21:25:48,-1,-0.4404
2017-08-23 21:31:12,-2,0.4404
2017-08-23 19:24:09,-4,0.8722
2017-08-23 21:24:06,-5,-0.5574
2017-08-23 20:14:31,-2,-0.0516
2017-08-23 21:20:02,-3,0.0
2017-08-23 21:28:10,-2,0.5423
2017-08-23 19:51:01,-1,0.3321
2017-08-23 20:18:45,-1,-0.6858
2017-08-23 20:33:54,-1,0.0
2017-08-23 21:08:22,-1,-0.1025
2017-08-23 21:33:45,-1,0.0
2017-08-23 20:38:30,-10,0.2486
2017-08-23 20:13:39,-4,0.0772
2017-08-23 20:44:49,-3,0.6322
2017-08-23 21:19:56,-3,0.0
2017-08-23 20:32:22,-9,0.6046
2017-08-23 19:13:23,0,0.0
2017-08-23 19:48:54,0,-0.25
2017-08-23 19:49:07,0,0.4404
2017-08-23 19:54:22,0,0.5859
2017-08-23 19:54:52,0,0.3612
2017-08-23 19:57:29,0,0.0
2017-08-23 19:57:43,0,0.296
2017-08-23 19:58:13,0,0.0
2017-08-23 20:01:42,0,0.5774
2017-08-23 20:03:45,0,0.0
2017-08-23 20:04:44,0,-0.6825
2017-08-23 20:04:52,0,0.5411
2017-08-23 20:07:32,0,0.0
2017-08-23 20:10:44,0,0.4215
2017-08-23 20:13:45,0,-0.34
2017-08-23 20:14:24,0,0.0
2017-08-23 20:16:50,0,0.6779
2017-08-23 20:21:41,0,-0.296
2017-08-23 20:21:46,0,-0.3313
2017-08-23 20:56:11,-1,0.0
2017-08-23 20:56:30,0,0.0
2017-08-23 21:00:37,0,0.0
2017-08-23 21:02:34,0,0.0
2017-08-23 21:02:39,0,0.0
2017-08-23 21:02:40,0,-0.5707
2017-08-23 21:02:43,0,-0.4588
2017-08-23 21:02:45,0,-0.3252
2017-08-23 21:02:45,0,0.0
2017-08-23 21:03:18,0,0.0
2017-08-23 21:03:18,-1,-0.0772
2017-08-23 21:05:48,0,0.0
2017-08-23 21:05:48,0,0.0
2017-08-23 21:05:52,0,-0.2244
2017-08-23 21:05:58,0,0.4215
2017-08-23 21:06:04,0,0.4753
2017-08-23 21:06:04,0,0.0
2017-08-23 21:06:16,0,0.0
2017-08-23 21:06:28,0,-0.1027
2017-08-23 21:06:36,0,0.4588
2017-08-23 21:06:45,0,0.0
2017-08-23 21:11:37,0,-0.6908
2017-08-23 21:19:00,0,0.0
2017-08-23 21:19:50,0,0.128
2017-08-23 21:20:38,0,0.4215
2017-08-23 21:20:47,0,-0.5423
2017-08-23 21:20:48,0,-0.5423
2017-08-23 21:21:13,0,0.0258
2017-08-23 21:23:17,0,-0.5707
2017-08-23 21:23:51,-1,0.0
2017-08-23 21:24:05,0,-0.0772
2017-08-23 21:27:47,0,-0.2378
2017-08-23 21:28:58,0,-0.7783
2017-08-23 21:31:47,0,-0.128
2017-08-23 21:40:46,0,-0.3818
2017-08-23 21:11:05,-7,-0.5859
2017-08-23 21:22:36,-5,0.0
2017-08-23 20:04:27,-2,0.0
2017-08-23 20:13:28,-3,-0.5423
2017-08-23 20:16:28,-2,0.0
2017-08-23 21:30:07,-4,-0.296
2017-08-23 21:31:49,-4,0.7351
2017-08-23 21:28:28,-5,-0.5423
2017-08-23 21:33:41,-5,0.0
2017-08-23 20:14:33,-6,-0.4019
2017-08-23 20:09:10,-3,0.0
2017-08-23 20:16:10,-3,0.3182
2017-08-23 21:22:34,-5,0.0
2017-08-23 20:13:18,-1,-0.4019
2017-08-23 20:57:01,-1,0.2023
2017-08-23 20:59:55,-1,0.0
2017-08-23 21:02:27,-1,-0.4724
2017-08-23 21:06:12,-1,0.0
2017-08-23 21:19:43,-1,-0.3182
2017-08-23 21:24:09,-1,0.1027
2017-08-23 21:27:22,-1,-0.6249
2017-08-23 21:29:20,-1,0.0
2017-08-23 20:15:24,-5,-0.1531
2017-08-23 20:30:23,-8,0.0
2017-08-23 19:19:15,-2,0.0
2017-08-23 20:14:56,-2,0.0
2017-08-23 21:19:45,-2,-0.34
2017-08-23 20:51:24,-10,-0.7351
2017-08-23 20:23:58,-3,0.0
2017-08-23 21:11:41,-11,0.0
2017-08-23 20:33:30,-13,0.0
2017-08-23 21:29:28,-4,0.0
2017-08-23 20:56:24,-16,0.0772
2017-08-23 20:31:35,-51,-0.6249
2017-08-23 19:32:10,-8,-0.4588
2017-08-23 20:19:07,-7,0.0
2017-08-23 20:56:36,-8,0.0
2017-08-23 21:30:22,-7,0.0
